loop_id	aggregated_id	A1_type	A1_nearest_gene_symbol	A2_type	A2_nearest_gene_symbol	distance	n_candidate	A1_chain_id	A1_chrom	A1_start	A1_end	A1_other_chrom	A1_other_start	A1_other_end	A1_chain_range	A1_other_chain_range	A1_other_chain_strand	A1_other_loop_id	A1_other_anchor	A1_exon_fraction	A1_other_exon_fraction	A2_chain_id	A2_chrom	A2_start	A2_end	A2_other_chrom	A2_other_start	A2_other_end	A2_chain_range	A2_other_chain_range	A2_other_chain_strand	A2_other_loop_id	A2_other_anchor	A2_exon_fraction	A2_other_exon_fraction	other_loop_id
L1	L1_L2_L3	I	CG4213	P	beat-IIIc	16865113	1	572	2L	394650	397422	2L	26357649	26361059	2L:358174-454387	2L:26313130-26433942	+	Dvir_L16	1	0.377370551885787	0.375541769354976	29669	2L	17259068	17262602	2L	29703154	29707021	2L:17184074-17287996	2L:29623341-29726406	+	Dvir_L16	2	0.00876608965823347	0	Dvir_L16
L1	L1_L2_L3	I	CG4213	P	beat-IIIc	16865113	1	572	2L	394650	397422	2L	26357649	26361059	2L:358174-454387	2L:26313130-26433942	+	Dvir_L16	1	0.377370551885787	0.375541769354976	29669	2L	17259068	17262602	2L	29703154	29707021	2L:17184074-17287996	2L:29623341-29726406	+	Dvir_L18	1	0.00876608965823347	0	NA
L1	L1_L2_L3	I	CG4213	P	beat-IIIc	16865113	1	572	2L	394650	397422	2L	26357649	26361059	2L:358174-454387	2L:26313130-26433942	+	Dvir_L17	1	0.377370551885787	0.375541769354976	29669	2L	17259068	17262602	2L	29703154	29707021	2L:17184074-17287996	2L:29623341-29726406	+	Dvir_L16	2	0.00876608965823347	0	NA
L1	L1_L2_L3	I	CG4213	P	beat-IIIc	16865113	1	572	2L	394650	397422	2L	26357649	26361059	2L:358174-454387	2L:26313130-26433942	+	Dvir_L17	1	0.377370551885787	0.375541769354976	29669	2L	17259068	17262602	2L	29703154	29707021	2L:17184074-17287996	2L:29623341-29726406	+	Dvir_L18	1	0.00876608965823347	0	NA
L2	L1_L2_L3	I	CG4213	I	CG45691	16932336	1	572	2L	394650	397422	2L	26357649	26361059	2L:358174-454387	2L:26313130-26433942	+	Dvir_L16	1	0.377370551885787	0.375541769354976	29861	2L	17326972	17329577	2L	29793610	29795244	2L:17323009-17385914	2L:29789891-29855667	+	Dvir_L17	2	0.0276722734671731	0.0175486328390695	NA
L2	L1_L2_L3	I	CG4213	I	CG45691	16932336	1	572	2L	394650	397422	2L	26357649	26361059	2L:358174-454387	2L:26313130-26433942	+	Dvir_L16	1	0.377370551885787	0.375541769354976	29861	2L	17326972	17329577	2L	29793610	29795244	2L:17323009-17385914	2L:29789891-29855667	+	Dvir_L18	2	0.0276722734671731	0.0175486328390695	NA
L2	L1_L2_L3	I	CG4213	I	CG45691	16932336	1	572	2L	394650	397422	2L	26357649	26361059	2L:358174-454387	2L:26313130-26433942	+	Dvir_L17	1	0.377370551885787	0.375541769354976	29861	2L	17326972	17329577	2L	29793610	29795244	2L:17323009-17385914	2L:29789891-29855667	+	Dvir_L17	2	0.0276722734671731	0.0175486328390695	Dvir_L17
L2	L1_L2_L3	I	CG4213	I	CG45691	16932336	1	572	2L	394650	397422	2L	26357649	26361059	2L:358174-454387	2L:26313130-26433942	+	Dvir_L17	1	0.377370551885787	0.375541769354976	29861	2L	17326972	17329577	2L	29793610	29795244	2L:17323009-17385914	2L:29789891-29855667	+	Dvir_L18	2	0.0276722734671731	0.0175486328390695	NA
L3	L1_L2_L3	P	beat-IIIc	I	CG45691	67223	1	29669	2L	17259068	17262602	2L	29703154	29707021	2L:17184074-17287996	2L:29623341-29726406	+	Dvir_L16	2	0.00876608965823347	0	29861	2L	17326972	17329577	2L	29793610	29795244	2L:17323009-17385914	2L:29789891-29855667	+	Dvir_L17	2	0.0276722734671731	0.0175486328390695	NA
L3	L1_L2_L3	P	beat-IIIc	I	CG45691	67223	1	29669	2L	17259068	17262602	2L	29703154	29707021	2L:17184074-17287996	2L:29623341-29726406	+	Dvir_L16	2	0.00876608965823347	0	29861	2L	17326972	17329577	2L	29793610	29795244	2L:17323009-17385914	2L:29789891-29855667	+	Dvir_L18	2	0.0276722734671731	0.0175486328390695	NA
L3	L1_L2_L3	P	beat-IIIc	I	CG45691	67223	1	29669	2L	17259068	17262602	2L	29703154	29707021	2L:17184074-17287996	2L:29623341-29726406	+	Dvir_L18	1	0.00876608965823347	0	29861	2L	17326972	17329577	2L	29793610	29795244	2L:17323009-17385914	2L:29789891-29855667	+	Dvir_L17	2	0.0276722734671731	0.0175486328390695	NA
L3	L1_L2_L3	P	beat-IIIc	I	CG45691	67223	1	29669	2L	17259068	17262602	2L	29703154	29707021	2L:17184074-17287996	2L:29623341-29726406	+	Dvir_L18	1	0.00876608965823347	0	29861	2L	17326972	17329577	2L	29793610	29795244	2L:17323009-17385914	2L:29789891-29855667	+	Dvir_L18	2	0.0276722734671731	0.0175486328390695	Dvir_L18
L4	L4_L5_L6_L7	I	CG4341	I	CG15394	1676593	1	1572	2L	917860	920755	2L	27052149	27056034	2L:847925-973533	2L:26961197-27132044	+	Dvir_L11	2	0.313959189831403	0.296060799879604	4312	2L	2593981	2597270	2L	18653001	18659704	2L:2581442-2656066	2L:18633836-18736814	+	Dvir_L11	1	0.0460836997231721	0.0107727199092824	Dvir_L11
L4	L4_L5_L6_L7	I	CG4341	I	CG15394	1676593	1	1572	2L	917860	920755	2L	27052149	27056034	2L:847925-973533	2L:26961197-27132044	+	Dvir_L12	2	0.313959189831403	0.296060799879604	4312	2L	2593981	2597270	2L	18653001	18659704	2L:2581442-2656066	2L:18633836-18736814	+	Dvir_L11	1	0.0460836997231721	0.0107727199092824	NA
L4	L4_L5_L6_L7	I	CG4341	I	CG15394	1676593	1	1572	2L	917860	920755	2L	27052149	27056034	2L:847925-973533	2L:26961197-27132044	+	Dvir_L13	2	0.313959189831403	0.296060799879604	4312	2L	2593981	2597270	2L	18653001	18659704	2L:2581442-2656066	2L:18633836-18736814	+	Dvir_L11	1	0.0460836997231721	0.0107727199092824	NA
L5	L4_L5_L6_L7	P	CG4341	I	CG15395	1689957	1	1572	2L	920754	924153	2L	27056033	27058911	2L:847925-973533	2L:26961197-27132044	+	Dvir_L11	2	0.313959189831403	0.296060799879604	4312	2L	2609782	2613315	2L	18677426	18681168	2L:2581442-2656066	2L:18633836-18736814	+	Dvir_L12	1	0.0460836997231721	0.0107727199092824	NA
L5	L4_L5_L6_L7	P	CG4341	I	CG15395	1689957	1	1572	2L	920754	924153	2L	27056033	27058911	2L:847925-973533	2L:26961197-27132044	+	Dvir_L12	2	0.313959189831403	0.296060799879604	4312	2L	2609782	2613315	2L	18677426	18681168	2L:2581442-2656066	2L:18633836-18736814	+	Dvir_L12	1	0.0460836997231721	0.0107727199092824	Dvir_L12
L5	L4_L5_L6_L7	P	CG4341	I	CG15395	1689957	1	1572	2L	920754	924153	2L	27056033	27058911	2L:847925-973533	2L:26961197-27132044	+	Dvir_L13	2	0.313959189831403	0.296060799879604	4312	2L	2609782	2613315	2L	18677426	18681168	2L:2581442-2656066	2L:18633836-18736814	+	Dvir_L12	1	0.0460836997231721	0.0107727199092824	NA
L6	L4_L5_L6_L7	P	CG4341	P	CG31690	1755459	1	1572	2L	920754	924153	2L	27056033	27058911	2L:847925-973533	2L:26961197-27132044	+	Dvir_L11	2	0.313959189831403	0.296060799879604	4471	2L	2676559	2678833	2L	18766350	18769193	2L:2655786-2767671	2L:18739996-18877149	+	Dvir_L13	1	0.388982004234298	0.35609649122807	NA
L6	L4_L5_L6_L7	P	CG4341	P	CG31690	1755459	1	1572	2L	920754	924153	2L	27056033	27058911	2L:847925-973533	2L:26961197-27132044	+	Dvir_L12	2	0.313959189831403	0.296060799879604	4471	2L	2676559	2678833	2L	18766350	18769193	2L:2655786-2767671	2L:18739996-18877149	+	Dvir_L13	1	0.388982004234298	0.35609649122807	NA
L6	L4_L5_L6_L7	P	CG4341	P	CG31690	1755459	1	1572	2L	920754	924153	2L	27056033	27058911	2L:847925-973533	2L:26961197-27132044	+	Dvir_L13	2	0.313959189831403	0.296060799879604	4471	2L	2676559	2678833	2L	18766350	18769193	2L:2655786-2767671	2L:18739996-18877149	+	Dvir_L13	1	0.388982004234298	0.35609649122807	Dvir_L13
L7	L4_L5_L6_L7	I	CG15395	P	CG31690	65502	1	4312	2L	2609782	2613315	2L	18677426	18681168	2L:2581442-2656066	2L:18633836-18736814	+	Dvir_L12	1	0.0460836997231721	0.0107727199092824	4471	2L	2676559	2678833	2L	18766350	18769193	2L:2655786-2767671	2L:18739996-18877149	+	Dvir_L13	1	0.388982004234298	0.35609649122807	NA
L8	L8	P	CG33543	P	CG3294, fipi	2786967	2	3345	2L	2002832	2009150	2L	20092599	20098694	2L:1964478-2072137	2L:20054912-20138481	-	Dvir_L14	2	0.563139453398739	0.527483327483327	8069	2L	4789091	4794056	2L	18881176	18886838	2L:4732826-4794056	2L:18881177-18965092	-	Dvir_L14	1	0	0	Dvir_L14
L8	L8	P	CG33543	P	CG3294, fipi	2786967	2	3345	2L	2002832	2009150	2L	20092599	20098694	2L:1964478-2072137	2L:20054912-20138481	-	Dvir_L14	2	0.563139453398739	0.527483327483327	8185	2L	4795473	4795523	2L	17088694	17088744	2L:4795474-4811989	2L:17067899-17088744	-	NA	NA	0.0920468308437626	0.103295819935691	NA
L10	L10_L12	I	CG9500	I	numb	3107701	1	11165	2L	6355402	6358861	2L	10230763	10234568	2L:6352322-6361421	2L:10226639-10238063	-	Dvir_L3	2	0.278215223097113	0.147913365029054	16340	2L	9465422	9468814	2L	4129936	4132704	2L:9465423-9477865	2L:4121668-4132704	-	Dvir_L3	1	0	0	Dvir_L3
L10	L10_L12	I	CG9500	I	numb	3107701	1	11165	2L	6355402	6358861	2L	10230763	10234568	2L:6352322-6361421	2L:10226639-10238063	-	Dvir_L9	2	0.278215223097113	0.147913365029054	16340	2L	9465422	9468814	2L	4129936	4132704	2L:9465423-9477865	2L:4121668-4132704	-	Dvir_L3	1	0	0	NA
L11	L11	P	DIP-epsilon	I	Toll-4	2671797	1	11276	2L	6409916	6413296	2L	10141470	10147472	2L:6409119-6426307	2L:10126927-10148768	-	Dvir_L2	2	0.301384228187919	0.302198952879581	15672	2L	9080876	9084356	2L	7895429	7899143	2L:9020939-9104253	2L:7811940-7922128	+	Dvir_L1	2	0.0416548864386014	0.0121131825494464	NA
L11	L11	P	DIP-epsilon	I	Toll-4	2671797	1	11276	2L	6409916	6413296	2L	10141470	10147472	2L:6409119-6426307	2L:10126927-10148768	-	Dvir_L2	2	0.301384228187919	0.302198952879581	15672	2L	9080876	9084356	2L	7895429	7899143	2L:9020939-9104253	2L:7811940-7922128	+	Dvir_L8	1	0.0416548864386014	0.0121131825494464	NA
L11	L11	P	DIP-epsilon	I	Toll-4	2671797	1	11276	2L	6409916	6413296	2L	10141470	10147472	2L:6409119-6426307	2L:10126927-10148768	-	Dvir_L2	2	0.301384228187919	0.302198952879581	15672	2L	9080876	9084356	2L	7895429	7899143	2L:9020939-9104253	2L:7811940-7922128	+	Dvir_L9	1	0.0416548864386014	0.0121131825494464	NA
L11	L11	P	DIP-epsilon	I	Toll-4	2671797	1	11276	2L	6409916	6413296	2L	10141470	10147472	2L:6409119-6426307	2L:10126927-10148768	-	Dvir_L8	2	0.301384228187919	0.302198952879581	15672	2L	9080876	9084356	2L	7895429	7899143	2L:9020939-9104253	2L:7811940-7922128	+	Dvir_L1	2	0.0416548864386014	0.0121131825494464	NA
L11	L11	P	DIP-epsilon	I	Toll-4	2671797	1	11276	2L	6409916	6413296	2L	10141470	10147472	2L:6409119-6426307	2L:10126927-10148768	-	Dvir_L8	2	0.301384228187919	0.302198952879581	15672	2L	9080876	9084356	2L	7895429	7899143	2L:9020939-9104253	2L:7811940-7922128	+	Dvir_L8	1	0.0416548864386014	0.0121131825494464	Dvir_L8
L11	L11	P	DIP-epsilon	I	Toll-4	2671797	1	11276	2L	6409916	6413296	2L	10141470	10147472	2L:6409119-6426307	2L:10126927-10148768	-	Dvir_L8	2	0.301384228187919	0.302198952879581	15672	2L	9080876	9084356	2L	7895429	7899143	2L:9020939-9104253	2L:7811940-7922128	+	Dvir_L9	1	0.0416548864386014	0.0121131825494464	NA
L12	L10_L12	P	DIP-epsilon	I	Gdi	3075082	1	11276	2L	6409916	6413296	2L	10141470	10147472	2L:6409119-6426307	2L:10126927-10148768	-	Dvir_L2	2	0.301384228187919	0.302198952879581	16360	2L	9484614	9487554	2L	4117740	4121668	2L:9482856-9520662	2L:4084872-4122535	-	Dvir_L1	1	0.604800834927814	0.568893528183716	NA
L12	L10_L12	P	DIP-epsilon	I	Gdi	3075082	1	11276	2L	6409916	6413296	2L	10141470	10147472	2L:6409119-6426307	2L:10126927-10148768	-	Dvir_L2	2	0.301384228187919	0.302198952879581	16360	2L	9484614	9487554	2L	4117740	4121668	2L:9482856-9520662	2L:4084872-4122535	-	Dvir_L2	1	0.604800834927814	0.568893528183716	Dvir_L2
L12	L10_L12	P	DIP-epsilon	I	Gdi	3075082	1	11276	2L	6409916	6413296	2L	10141470	10147472	2L:6409119-6426307	2L:10126927-10148768	-	Dvir_L8	2	0.301384228187919	0.302198952879581	16360	2L	9484614	9487554	2L	4117740	4121668	2L:9482856-9520662	2L:4084872-4122535	-	Dvir_L1	1	0.604800834927814	0.568893528183716	NA
L12	L10_L12	P	DIP-epsilon	I	Gdi	3075082	1	11276	2L	6409916	6413296	2L	10141470	10147472	2L:6409119-6426307	2L:10126927-10148768	-	Dvir_L8	2	0.301384228187919	0.302198952879581	16360	2L	9484614	9487554	2L	4117740	4121668	2L:9482856-9520662	2L:4084872-4122535	-	Dvir_L2	1	0.604800834927814	0.568893528183716	NA
L13	L13	I	Toll-4	I	Gdi	403285	1	15672	2L	9080876	9084356	2L	7895429	7899143	2L:9020939-9104253	2L:7811940-7922128	+	Dvir_L1	2	0.0416548864386014	0.0121131825494464	16360	2L	9484614	9487554	2L	4117740	4121668	2L:9482856-9520662	2L:4084872-4122535	-	Dvir_L1	1	0.604800834927814	0.568893528183716	Dvir_L1
L13	L13	I	Toll-4	I	Gdi	403285	1	15672	2L	9080876	9084356	2L	7895429	7899143	2L:9020939-9104253	2L:7811940-7922128	+	Dvir_L1	2	0.0416548864386014	0.0121131825494464	16360	2L	9484614	9487554	2L	4117740	4121668	2L:9482856-9520662	2L:4084872-4122535	-	Dvir_L2	1	0.604800834927814	0.568893528183716	NA
L13	L13	I	Toll-4	I	Gdi	403285	1	15672	2L	9080876	9084356	2L	7895429	7899143	2L:9020939-9104253	2L:7811940-7922128	+	Dvir_L8	1	0.0416548864386014	0.0121131825494464	16360	2L	9484614	9487554	2L	4117740	4121668	2L:9482856-9520662	2L:4084872-4122535	-	Dvir_L1	1	0.604800834927814	0.568893528183716	NA
L13	L13	I	Toll-4	I	Gdi	403285	1	15672	2L	9080876	9084356	2L	7895429	7899143	2L:9020939-9104253	2L:7811940-7922128	+	Dvir_L8	1	0.0416548864386014	0.0121131825494464	16360	2L	9484614	9487554	2L	4117740	4121668	2L:9482856-9520662	2L:4084872-4122535	-	Dvir_L2	1	0.604800834927814	0.568893528183716	NA
L13	L13	I	Toll-4	I	Gdi	403285	1	15672	2L	9080876	9084356	2L	7895429	7899143	2L:9020939-9104253	2L:7811940-7922128	+	Dvir_L9	1	0.0416548864386014	0.0121131825494464	16360	2L	9484614	9487554	2L	4117740	4121668	2L:9482856-9520662	2L:4084872-4122535	-	Dvir_L1	1	0.604800834927814	0.568893528183716	NA
L13	L13	I	Toll-4	I	Gdi	403285	1	15672	2L	9080876	9084356	2L	7895429	7899143	2L:9020939-9104253	2L:7811940-7922128	+	Dvir_L9	1	0.0416548864386014	0.0121131825494464	16360	2L	9484614	9487554	2L	4117740	4121668	2L:9482856-9520662	2L:4084872-4122535	-	Dvir_L2	1	0.604800834927814	0.568893528183716	NA
L14	L14_L16_L18	I	CG16826	P	Lar, CG46244	6264813	1	23002	2L	13340005	13343629	2L	5100657	5107798	2L:13333993-13387081	2L:5046005-5116957	-	NA	NA	0.392277131107549	0.389249563699825	33753	2L	19602927	19607454	2L	9138478	9145146	2L:19583042-19635002	2L:9105577-9170159	-	Dvir_L6	2	0.168487707971194	0.127474169052658	NA
L15	L15_L17_L19	I	CG16826	I	CG17571	6901550	1	23002	2L	13340005	13343629	2L	5100657	5107798	2L:13333993-13387081	2L:5046005-5116957	-	NA	NA	0.392277131107549	0.389249563699825	34621	2L	20240995	20244623	2L	7388042	7393020	2L:20225414-20271828	2L:7354101-7414205	-	Dvir_L6	1	0	0	NA
L16	L14_L16_L18	I	CG16826	I	Lar	6241120	1	23002	2L	13346860	13351249	2L	5090337	5096671	2L:13333993-13387081	2L:5046005-5116957	-	Dvir_L4	1	0.392277131107549	0.389249563699825	33753	2L	19588893	19591890	2L	9160033	9164442	2L:19583042-19635002	2L:9105577-9170159	-	Dvir_L5	2	0.168487707971194	0.127474169052658	NA
L16	L14_L16_L18	I	CG16826	I	Lar	6241120	1	23002	2L	13346860	13351249	2L	5090337	5096671	2L:13333993-13387081	2L:5046005-5116957	-	Dvir_L4	1	0.392277131107549	0.389249563699825	33753	2L	19588893	19591890	2L	9160033	9164442	2L:19583042-19635002	2L:9105577-9170159	-	Dvir_L7	2	0.168487707971194	0.127474169052658	NA
L16	L14_L16_L18	I	CG16826	I	Lar	6241120	1	23002	2L	13346860	13351249	2L	5090337	5096671	2L:13333993-13387081	2L:5046005-5116957	-	Dvir_L5	1	0.392277131107549	0.389249563699825	33753	2L	19588893	19591890	2L	9160033	9164442	2L:19583042-19635002	2L:9105577-9170159	-	Dvir_L5	2	0.168487707971194	0.127474169052658	Dvir_L5
L16	L14_L16_L18	I	CG16826	I	Lar	6241120	1	23002	2L	13346860	13351249	2L	5090337	5096671	2L:13333993-13387081	2L:5046005-5116957	-	Dvir_L5	1	0.392277131107549	0.389249563699825	33753	2L	19588893	19591890	2L	9160033	9164442	2L:19583042-19635002	2L:9105577-9170159	-	Dvir_L7	2	0.168487707971194	0.127474169052658	NA
L17	L15_L17_L19	I	CG16826	I	CG17571	6880496	1	23002	2L	13346860	13351249	2L	5090337	5096671	2L:13333993-13387081	2L:5046005-5116957	-	Dvir_L4	1	0.392277131107549	0.389249563699825	34621	2L	20228233	20231230	2L	7405149	7411197	2L:20225414-20271828	2L:7354101-7414205	-	Dvir_L4	2	0	0	Dvir_L4
L17	L15_L17_L19	I	CG16826	I	CG17571	6880496	1	23002	2L	13346860	13351249	2L	5090337	5096671	2L:13333993-13387081	2L:5046005-5116957	-	Dvir_L4	1	0.392277131107549	0.389249563699825	34621	2L	20228233	20231230	2L	7405149	7411197	2L:20225414-20271828	2L:7354101-7414205	-	Dvir_L7	1	0	0	NA
L17	L15_L17_L19	I	CG16826	I	CG17571	6880496	1	23002	2L	13346860	13351249	2L	5090337	5096671	2L:13333993-13387081	2L:5046005-5116957	-	Dvir_L5	1	0.392277131107549	0.389249563699825	34621	2L	20228233	20231230	2L	7405149	7411197	2L:20225414-20271828	2L:7354101-7414205	-	Dvir_L4	2	0	0	NA
L17	L15_L17_L19	I	CG16826	I	CG17571	6880496	1	23002	2L	13346860	13351249	2L	5090337	5096671	2L:13333993-13387081	2L:5046005-5116957	-	Dvir_L5	1	0.392277131107549	0.389249563699825	34621	2L	20228233	20231230	2L	7405149	7411197	2L:20225414-20271828	2L:7354101-7414205	-	Dvir_L7	1	0	0	NA
L18	L14_L16_L18	I	CG9377	P	Lar, CG46244	6242952	1	23002	2L	13362086	13364268	2L	5069534	5073584	2L:13333993-13387081	2L:5046005-5116957	-	NA	NA	0.392277131107549	0.389249563699825	33753	2L	19602927	19607454	2L	9138478	9145146	2L:19583042-19635002	2L:9105577-9170159	-	Dvir_L6	2	0.168487707971194	0.127474169052658	NA
L19	L15_L17_L19	I	CG9377	I	CG17571	6879689	1	23002	2L	13362086	13364268	2L	5069534	5073584	2L:13333993-13387081	2L:5046005-5116957	-	NA	NA	0.392277131107549	0.389249563699825	34621	2L	20240995	20244623	2L	7388042	7393020	2L:20225414-20271828	2L:7354101-7414205	-	Dvir_L6	1	0	0	NA
L20	L20_L21	I	Lar	I	CG17571	639376	1	33753	2L	19588893	19591890	2L	9160033	9164442	2L:19583042-19635002	2L:9105577-9170159	-	Dvir_L5	2	0.168487707971194	0.127474169052658	34621	2L	20228233	20231230	2L	7405149	7411197	2L:20225414-20271828	2L:7354101-7414205	-	Dvir_L4	2	0	0	NA
L20	L20_L21	I	Lar	I	CG17571	639376	1	33753	2L	19588893	19591890	2L	9160033	9164442	2L:19583042-19635002	2L:9105577-9170159	-	Dvir_L5	2	0.168487707971194	0.127474169052658	34621	2L	20228233	20231230	2L	7405149	7411197	2L:20225414-20271828	2L:7354101-7414205	-	Dvir_L7	1	0	0	NA
L20	L20_L21	I	Lar	I	CG17571	639376	1	33753	2L	19588893	19591890	2L	9160033	9164442	2L:19583042-19635002	2L:9105577-9170159	-	Dvir_L7	2	0.168487707971194	0.127474169052658	34621	2L	20228233	20231230	2L	7405149	7411197	2L:20225414-20271828	2L:7354101-7414205	-	Dvir_L4	2	0	0	NA
L20	L20_L21	I	Lar	I	CG17571	639376	1	33753	2L	19588893	19591890	2L	9160033	9164442	2L:19583042-19635002	2L:9105577-9170159	-	Dvir_L7	2	0.168487707971194	0.127474169052658	34621	2L	20228233	20231230	2L	7405149	7411197	2L:20225414-20271828	2L:7354101-7414205	-	Dvir_L7	1	0	0	Dvir_L7
L21	L20_L21	P	Lar, CG46244	I	CG17571	636737	1	33753	2L	19602927	19607454	2L	9138478	9145146	2L:19583042-19635002	2L:9105577-9170159	-	Dvir_L6	2	0.168487707971194	0.127474169052658	34621	2L	20240995	20244623	2L	7388042	7393020	2L:20225414-20271828	2L:7354101-7414205	-	Dvir_L6	1	0	0	Dvir_L6
L22	L22	I	CG10651	P	nolo	1562564	1	34600	2L	20122148	20122914	2L	7451432	7452364	2L:20122149-20126203	2L:7446821-7452364	-	NA	NA	0	0	36347	2L	21681892	21684156	2L	7566268	7567590	2L:21658787-21684156	2L:7543916-7567590	+	NA	NA	0.368674017528979	0.307779189608923	NA
L23	L23_L24	I	Jon44E	I	CG13500	13372397	1	41909	2R	8684466	8689166	2R	14489504	14500174	2R:8600624-8710322	2R:14466371-14605597	-	NA	NA	0.673696299002975	0.63492643222373	65607	2R	22057632	22060364	2R	14336446	14339564	2R:21981643-22077163	2R:14313793-14434214	-	NA	NA	0.124532153793807	0.124651668592401	NA
L25	L25_L26_L27	P	sns	P	hbs	6213119	1	42135	2R	8794632	8800174	2R	24261273	24268382	2R:8726633-8827577	2R:24231879-24341627	-	Dvir_L20	2	0.310659186535764	0.319257649615317	52277	2R	15009421	15012405	2R	16150781	16154593	2R:14899528-15013001	2R:16150131-16294063	-	Dvir_L22	1	0.356678731847717	0.295571441025194	NA
L25	L25_L26_L27	P	sns	P	hbs	6213119	1	42135	2R	8794632	8800174	2R	24261273	24268382	2R:8726633-8827577	2R:24231879-24341627	-	Dvir_L20	2	0.310659186535764	0.319257649615317	52277	2R	15009421	15012405	2R	16150781	16154593	2R:14899528-15013001	2R:16150131-16294063	-	Dvir_L23	1	0.356678731847717	0.295571441025194	NA
L25	L25_L26_L27	P	sns	P	hbs	6213119	1	42135	2R	8794632	8800174	2R	24261273	24268382	2R:8726633-8827577	2R:24231879-24341627	-	Dvir_L20	2	0.310659186535764	0.319257649615317	52277	2R	15009421	15012405	2R	16150781	16154593	2R:14899528-15013001	2R:16150131-16294063	-	Dvir_L24	2	0.356678731847717	0.295571441025194	NA
L25	L25_L26_L27	P	sns	P	hbs	6213119	1	42135	2R	8794632	8800174	2R	24261273	24268382	2R:8726633-8827577	2R:24231879-24341627	-	Dvir_L22	2	0.310659186535764	0.319257649615317	52277	2R	15009421	15012405	2R	16150781	16154593	2R:14899528-15013001	2R:16150131-16294063	-	Dvir_L22	1	0.356678731847717	0.295571441025194	Dvir_L22
L25	L25_L26_L27	P	sns	P	hbs	6213119	1	42135	2R	8794632	8800174	2R	24261273	24268382	2R:8726633-8827577	2R:24231879-24341627	-	Dvir_L22	2	0.310659186535764	0.319257649615317	52277	2R	15009421	15012405	2R	16150781	16154593	2R:14899528-15013001	2R:16150131-16294063	-	Dvir_L23	1	0.356678731847717	0.295571441025194	NA
L25	L25_L26_L27	P	sns	P	hbs	6213119	1	42135	2R	8794632	8800174	2R	24261273	24268382	2R:8726633-8827577	2R:24231879-24341627	-	Dvir_L22	2	0.310659186535764	0.319257649615317	52277	2R	15009421	15012405	2R	16150781	16154593	2R:14899528-15013001	2R:16150131-16294063	-	Dvir_L24	2	0.356678731847717	0.295571441025194	NA
L26	L25_L26_L27	P	sns	I	chn	6311640	1	42135	2R	8794632	8800174	2R	24261273	24268382	2R:8726633-8827577	2R:24231879-24341627	-	Dvir_L20	2	0.310659186535764	0.319257649615317	52512	2R	15108550	15111488	2R	16049478	16053178	2R:15013873-15116288	2R:16044306-16150178	-	Dvir_L20	1	0.196652021578333	0.175649259983245	Dvir_L20
L26	L25_L26_L27	P	sns	I	chn	6311640	1	42135	2R	8794632	8800174	2R	24261273	24268382	2R:8726633-8827577	2R:24231879-24341627	-	Dvir_L20	2	0.310659186535764	0.319257649615317	52512	2R	15108550	15111488	2R	16049478	16053178	2R:15013873-15116288	2R:16044306-16150178	-	Dvir_L21	1	0.196652021578333	0.175649259983245	NA
L26	L25_L26_L27	P	sns	I	chn	6311640	1	42135	2R	8794632	8800174	2R	24261273	24268382	2R:8726633-8827577	2R:24231879-24341627	-	Dvir_L20	2	0.310659186535764	0.319257649615317	52512	2R	15108550	15111488	2R	16049478	16053178	2R:15013873-15116288	2R:16044306-16150178	-	Dvir_L24	1	0.196652021578333	0.175649259983245	NA
L26	L25_L26_L27	P	sns	I	chn	6311640	1	42135	2R	8794632	8800174	2R	24261273	24268382	2R:8726633-8827577	2R:24231879-24341627	-	Dvir_L22	2	0.310659186535764	0.319257649615317	52512	2R	15108550	15111488	2R	16049478	16053178	2R:15013873-15116288	2R:16044306-16150178	-	Dvir_L20	1	0.196652021578333	0.175649259983245	NA
L26	L25_L26_L27	P	sns	I	chn	6311640	1	42135	2R	8794632	8800174	2R	24261273	24268382	2R:8726633-8827577	2R:24231879-24341627	-	Dvir_L22	2	0.310659186535764	0.319257649615317	52512	2R	15108550	15111488	2R	16049478	16053178	2R:15013873-15116288	2R:16044306-16150178	-	Dvir_L21	1	0.196652021578333	0.175649259983245	NA
L26	L25_L26_L27	P	sns	I	chn	6311640	1	42135	2R	8794632	8800174	2R	24261273	24268382	2R:8726633-8827577	2R:24231879-24341627	-	Dvir_L22	2	0.310659186535764	0.319257649615317	52512	2R	15108550	15111488	2R	16049478	16053178	2R:15013873-15116288	2R:16044306-16150178	-	Dvir_L24	1	0.196652021578333	0.175649259983245	NA
L27	L25_L26_L27	P	hbs	I	chn	98521	1	52277	2R	15009421	15012405	2R	16150781	16154593	2R:14899528-15013001	2R:16150131-16294063	-	Dvir_L22	1	0.356678731847717	0.295571441025194	52512	2R	15108550	15111488	2R	16049478	16053178	2R:15013873-15116288	2R:16044306-16150178	-	Dvir_L20	1	0.196652021578333	0.175649259983245	NA
L27	L25_L26_L27	P	hbs	I	chn	98521	1	52277	2R	15009421	15012405	2R	16150781	16154593	2R:14899528-15013001	2R:16150131-16294063	-	Dvir_L22	1	0.356678731847717	0.295571441025194	52512	2R	15108550	15111488	2R	16049478	16053178	2R:15013873-15116288	2R:16044306-16150178	-	Dvir_L21	1	0.196652021578333	0.175649259983245	NA
L27	L25_L26_L27	P	hbs	I	chn	98521	1	52277	2R	15009421	15012405	2R	16150781	16154593	2R:14899528-15013001	2R:16150131-16294063	-	Dvir_L22	1	0.356678731847717	0.295571441025194	52512	2R	15108550	15111488	2R	16049478	16053178	2R:15013873-15116288	2R:16044306-16150178	-	Dvir_L24	1	0.196652021578333	0.175649259983245	NA
L27	L25_L26_L27	P	hbs	I	chn	98521	1	52277	2R	15009421	15012405	2R	16150781	16154593	2R:14899528-15013001	2R:16150131-16294063	-	Dvir_L23	1	0.356678731847717	0.295571441025194	52512	2R	15108550	15111488	2R	16049478	16053178	2R:15013873-15116288	2R:16044306-16150178	-	Dvir_L20	1	0.196652021578333	0.175649259983245	NA
L27	L25_L26_L27	P	hbs	I	chn	98521	1	52277	2R	15009421	15012405	2R	16150781	16154593	2R:14899528-15013001	2R:16150131-16294063	-	Dvir_L23	1	0.356678731847717	0.295571441025194	52512	2R	15108550	15111488	2R	16049478	16053178	2R:15013873-15116288	2R:16044306-16150178	-	Dvir_L21	1	0.196652021578333	0.175649259983245	NA
L27	L25_L26_L27	P	hbs	I	chn	98521	1	52277	2R	15009421	15012405	2R	16150781	16154593	2R:14899528-15013001	2R:16150131-16294063	-	Dvir_L23	1	0.356678731847717	0.295571441025194	52512	2R	15108550	15111488	2R	16049478	16053178	2R:15013873-15116288	2R:16044306-16150178	-	Dvir_L24	1	0.196652021578333	0.175649259983245	NA
L27	L25_L26_L27	P	hbs	I	chn	98521	1	52277	2R	15009421	15012405	2R	16150781	16154593	2R:14899528-15013001	2R:16150131-16294063	-	Dvir_L24	2	0.356678731847717	0.295571441025194	52512	2R	15108550	15111488	2R	16049478	16053178	2R:15013873-15116288	2R:16044306-16150178	-	Dvir_L20	1	0.196652021578333	0.175649259983245	NA
L27	L25_L26_L27	P	hbs	I	chn	98521	1	52277	2R	15009421	15012405	2R	16150781	16154593	2R:14899528-15013001	2R:16150131-16294063	-	Dvir_L24	2	0.356678731847717	0.295571441025194	52512	2R	15108550	15111488	2R	16049478	16053178	2R:15013873-15116288	2R:16044306-16150178	-	Dvir_L21	1	0.196652021578333	0.175649259983245	NA
L27	L25_L26_L27	P	hbs	I	chn	98521	1	52277	2R	15009421	15012405	2R	16150781	16154593	2R:14899528-15013001	2R:16150131-16294063	-	Dvir_L24	2	0.356678731847717	0.295571441025194	52512	2R	15108550	15111488	2R	16049478	16053178	2R:15013873-15116288	2R:16044306-16150178	-	Dvir_L24	1	0.196652021578333	0.175649259983245	Dvir_L24
L32	L28_L29_L30_L31_L32	I	CG42841	I	Oseg2	231072	1	74765	3L	1996908	1999275	3L	13547617	13549384	3L:1947845-2057023	3L:13496854-13615616	+	Dvir_L30	1	0.119394641217107	0.11626792347326	75023	3L	2227297	2230550	3L	13801159	13804284	3L:2069859-2247758	3L:13645445-13821238	+	Dvir_L30	2	0.170089833392695	0.151503751955175	Dvir_L30
L32	L28_L29_L30_L31_L32	I	CG42841	I	Oseg2	231072	1	74765	3L	1996908	1999275	3L	13547617	13549384	3L:1947845-2057023	3L:13496854-13615616	+	Dvir_L30	1	0.119394641217107	0.11626792347326	75023	3L	2227297	2230550	3L	13801159	13804284	3L:2069859-2247758	3L:13645445-13821238	+	Dvir_L32	1	0.170089833392695	0.151503751955175	NA
L32	L28_L29_L30_L31_L32	I	CG42841	I	Oseg2	231072	1	74765	3L	1996908	1999275	3L	13547617	13549384	3L:1947845-2057023	3L:13496854-13615616	+	Dvir_L31	1	0.119394641217107	0.11626792347326	75023	3L	2227297	2230550	3L	13801159	13804284	3L:2069859-2247758	3L:13645445-13821238	+	Dvir_L30	2	0.170089833392695	0.151503751955175	NA
L32	L28_L29_L30_L31_L32	I	CG42841	I	Oseg2	231072	1	74765	3L	1996908	1999275	3L	13547617	13549384	3L:1947845-2057023	3L:13496854-13615616	+	Dvir_L31	1	0.119394641217107	0.11626792347326	75023	3L	2227297	2230550	3L	13801159	13804284	3L:2069859-2247758	3L:13645445-13821238	+	Dvir_L32	1	0.170089833392695	0.151503751955175	NA
L33	L33_L34	I	CG7509	P	Mp	2213076	1	79306	3L	4799823	4802063	3L	26196035	26199642	3L:4689099-4897909	3L:26039525-26320032	+	Dvir_L38	2	0.291392790424133	0.27370369089211	84345	3L	7012845	7015128	3L	18228369	18230903	3L:7006171-7093510	3L:18155883-18236253	-	Dvir_L38	1	0.21475338280227	0.208175182481752	Dvir_L38
L35	L35_L36	P	GluRIA	P	GluRIB	2627951	1	83129	3L	6622676	6625865	3L	14703934	14707955	3L:6487299-6652543	3L:14662839-14845749	-	Dvir_L34	1	0.310851450410375	0.27510355215263	88419	3L	9249855	9253440	3L	24828531	24831835	3L:9138762-9329725	3L:24738100-24988822	-	Dvir_L34	2	0.223675989562277	0.203177165498771	Dvir_L34
L35	L35_L36	P	GluRIA	P	GluRIB	2627951	1	83129	3L	6622676	6625865	3L	14703934	14707955	3L:6487299-6652543	3L:14662839-14845749	-	Dvir_L35	1	0.310851450410375	0.27510355215263	88419	3L	9249855	9253440	3L	24828531	24831835	3L:9138762-9329725	3L:24738100-24988822	-	Dvir_L34	2	0.223675989562277	0.203177165498771	NA
L36	L35_L36	I	eIF4E4	I	PGRP-LA	2677166	4	83129	3L	6650897	6652543	3L	14662838	14665515	3L:6487299-6652543	3L:14662839-14845749	-	Dvir_L33	1	0.310851450410375	0.27510355215263	88419	3L	9328743	9329725	3L	24738099	24739319	3L:9138762-9329725	3L:24738100-24988822	-	Dvir_L33	2	0.223675989562277	0.203177165498771	Dvir_L33
L36	L35_L36	I	eIF4E4	I	PGRP-LA	2677166	4	83129	3L	6650897	6652543	3L	14662838	14665515	3L:6487299-6652543	3L:14662839-14845749	-	Dvir_L33	1	0.310851450410375	0.27510355215263	88720	3L	9330565	9331373	3L	14661001	14661641	3L:9330566-9357816	3L:14634949-14661641	-	Dvir_L33	1	0.391849529780564	0.404022346368715	NA
L36	L35_L36	I	eIF4E4	I	PGRP-LA	2677166	4	83489	3L	6654084	6654130	3L	24736275	24736323	3L:6654085-6692315	3L:24684798-24736323	-	Dvir_L33	2	0	0	88419	3L	9328743	9329725	3L	24738099	24739319	3L:9138762-9329725	3L:24738100-24988822	-	Dvir_L33	2	0.223675989562277	0.203177165498771	NA
L36	L35_L36	I	eIF4E4	I	PGRP-LA	2677166	4	83489	3L	6654084	6654130	3L	24736275	24736323	3L:6654085-6692315	3L:24684798-24736323	-	Dvir_L33	2	0	0	88720	3L	9330565	9331373	3L	14661001	14661641	3L:9330566-9357816	3L:14634949-14661641	-	Dvir_L33	1	0.391849529780564	0.404022346368715	Dvir_L33
L37	L37_L38	I	CG7506	I	CG6497	9610622	1	85718	3L	7642424	7644868	3L	6221573	6223910	3L:7640888-7668596	3L:6219936-6252578	+	Dvir_L26	1	0.0178846746839346	0.016980549552331	102343	3L	17253275	17255675	3L	19631554	19633113	3L:17246664-17267285	3L:19626093-19647958	+	Dvir_L26	2	0.0686918445539135	0	Dvir_L26
L37	L37_L38	I	CG7506	I	CG6497	9610622	1	85718	3L	7642424	7644868	3L	6221573	6223910	3L:7640888-7668596	3L:6219936-6252578	+	Dvir_L27	1	0.0178846746839346	0.016980549552331	102343	3L	17253275	17255675	3L	19631554	19633113	3L:17246664-17267285	3L:19626093-19647958	+	Dvir_L26	2	0.0686918445539135	0	NA
L38	L37_L38	I	CG7506	I	CG13723	9625889	1	85718	3L	7642424	7644868	3L	6221573	6223910	3L:7640888-7668596	3L:6219936-6252578	+	Dvir_L26	1	0.0178846746839346	0.016980549552331	102394	3L	17267527	17271990	3L	19648982	19652299	3L:17267164-17462725	3L:19648713-19867903	+	Dvir_L27	2	0.150951340824759	0.133848743031451	NA
L38	L37_L38	I	CG7506	I	CG13723	9625889	1	85718	3L	7642424	7644868	3L	6221573	6223910	3L:7640888-7668596	3L:6219936-6252578	+	Dvir_L27	1	0.0178846746839346	0.016980549552331	102394	3L	17267527	17271990	3L	19648982	19652299	3L:17267164-17462725	3L:19648713-19867903	+	Dvir_L27	2	0.150951340824759	0.133848743031451	Dvir_L27
L39	L39_L41_L43	P	Ent3	I	CG6885	5889598	1	94480	3L	12851728	12855019	3L	2997260	3005245	3L:12778929-12878136	3L:2926512-3026778	+	NA	NA	0.365801925273291	0.365901478637366	104597	3L	18744955	18745020	3L	7488578	7488643	3L:18744956-18807714	3L:7488579-7547793	+	NA	NA	0.167691896228938	0.167155034629728	NA
L41	L39_L41_L43	I	CG32107	I	CG6885	5885446	1	94480	3L	12856341	12864738	3L	3006382	3013517	3L:12778929-12878136	3L:2926512-3026778	+	Dvir_L25	1	0.365801925273291	0.365901478637366	104597	3L	18744955	18745020	3L	7488578	7488643	3L:18744956-18807714	3L:7488579-7547793	+	NA	NA	0.167691896228938	0.167155034629728	NA
L43	L39_L41_L43	I	CG10943	I	CG6885	5875108	1	94480	3L	12866537	12870612	3L	3015797	3020551	3L:12778929-12878136	3L:2926512-3026778	+	Dvir_L25	1	0.365801925273291	0.365901478637366	104597	3L	18744955	18745020	3L	7488578	7488643	3L:18744956-18807714	3L:7488579-7547793	+	NA	NA	0.167691896228938	0.167155034629728	NA
L49	L49_L50_L51	P	dpr16	I	Spt3	6870498	1	113119	3R	5148956	5154738	3R	31306773	31311065	3R:4973841-5203507	3R:31260411-31470936	-	Dvir_L50	1	0.0698047155088785	0.0672907396524221	125270	3R	12021937	12022295	3R	32624599	32624926	3R:12021938-12028310	3R:32624600-32629543	+	Dvir_L50	2	0	0	Dvir_L50
L49	L49_L50_L51	P	dpr16	I	Spt3	6870498	1	113119	3R	5148956	5154738	3R	31306773	31311065	3R:4973841-5203507	3R:31260411-31470936	-	Dvir_L50	1	0.0698047155088785	0.0672907396524221	125270	3R	12021937	12022295	3R	32624599	32624926	3R:12021938-12028310	3R:32624600-32629543	+	Dvir_L52	1	0	0	NA
L49	L49_L50_L51	P	dpr16	I	Spt3	6870498	1	113119	3R	5148956	5154738	3R	31306773	31311065	3R:4973841-5203507	3R:31260411-31470936	-	Dvir_L51	1	0.0698047155088785	0.0672907396524221	125270	3R	12021937	12022295	3R	32624599	32624926	3R:12021938-12028310	3R:32624600-32629543	+	Dvir_L50	2	0	0	NA
L49	L49_L50_L51	P	dpr16	I	Spt3	6870498	1	113119	3R	5148956	5154738	3R	31306773	31311065	3R:4973841-5203507	3R:31260411-31470936	-	Dvir_L51	1	0.0698047155088785	0.0672907396524221	125270	3R	12021937	12022295	3R	32624599	32624926	3R:12021938-12028310	3R:32624600-32629543	+	Dvir_L52	1	0	0	NA
L50	L49_L50_L51	P	dpr16	P	dpr17	6944037	1	113119	3R	5148956	5154738	3R	31306773	31311065	3R:4973841-5203507	3R:31260411-31470936	-	Dvir_L50	1	0.0698047155088785	0.0672907396524221	125324	3R	12093592	12096484	3R	32681406	32684729	3R:12093339-12133493	3R:32681175-32732300	+	Dvir_L51	2	0.295525494276795	0.280797101449275	NA
L50	L49_L50_L51	P	dpr16	P	dpr17	6944037	1	113119	3R	5148956	5154738	3R	31306773	31311065	3R:4973841-5203507	3R:31260411-31470936	-	Dvir_L50	1	0.0698047155088785	0.0672907396524221	125324	3R	12093592	12096484	3R	32681406	32684729	3R:12093339-12133493	3R:32681175-32732300	+	Dvir_L52	2	0.295525494276795	0.280797101449275	NA
L50	L49_L50_L51	P	dpr16	P	dpr17	6944037	1	113119	3R	5148956	5154738	3R	31306773	31311065	3R:4973841-5203507	3R:31260411-31470936	-	Dvir_L51	1	0.0698047155088785	0.0672907396524221	125324	3R	12093592	12096484	3R	32681406	32684729	3R:12093339-12133493	3R:32681175-32732300	+	Dvir_L51	2	0.295525494276795	0.280797101449275	Dvir_L51
L50	L49_L50_L51	P	dpr16	P	dpr17	6944037	1	113119	3R	5148956	5154738	3R	31306773	31311065	3R:4973841-5203507	3R:31260411-31470936	-	Dvir_L51	1	0.0698047155088785	0.0672907396524221	125324	3R	12093592	12096484	3R	32681406	32684729	3R:12093339-12133493	3R:32681175-32732300	+	Dvir_L52	2	0.295525494276795	0.280797101449275	NA
L51	L49_L50_L51	I	Spt3	P	dpr17	73539	1	125270	3R	12021937	12022295	3R	32624599	32624926	3R:12021938-12028310	3R:32624600-32629543	+	Dvir_L50	2	0	0	125324	3R	12093592	12096484	3R	32681406	32684729	3R:12093339-12133493	3R:32681175-32732300	+	Dvir_L51	2	0.295525494276795	0.280797101449275	NA
L51	L49_L50_L51	I	Spt3	P	dpr17	73539	1	125270	3R	12021937	12022295	3R	32624599	32624926	3R:12021938-12028310	3R:32624600-32629543	+	Dvir_L50	2	0	0	125324	3R	12093592	12096484	3R	32681406	32684729	3R:12093339-12133493	3R:32681175-32732300	+	Dvir_L52	2	0.295525494276795	0.280797101449275	NA
L51	L49_L50_L51	I	Spt3	P	dpr17	73539	1	125270	3R	12021937	12022295	3R	32624599	32624926	3R:12021938-12028310	3R:32624600-32629543	+	Dvir_L52	1	0	0	125324	3R	12093592	12096484	3R	32681406	32684729	3R:12093339-12133493	3R:32681175-32732300	+	Dvir_L51	2	0.295525494276795	0.280797101449275	NA
L51	L49_L50_L51	I	Spt3	P	dpr17	73539	1	125270	3R	12021937	12022295	3R	32624599	32624926	3R:12021938-12028310	3R:32624600-32629543	+	Dvir_L52	1	0	0	125324	3R	12093592	12096484	3R	32681406	32684729	3R:12093339-12133493	3R:32681175-32732300	+	Dvir_L52	2	0.295525494276795	0.280797101449275	Dvir_L52
L52	L52	I	Sgt1	P	5-HT7	22710535	1	118617	3R	8307555	8307820	3R	432537	432802	3R:8307556-8308580	3R:431782-432802	-	NA	NA	0	0	160105	3R	31015646	31018060	3R	24908125	24910836	3R:30991137-31104498	3R:24783757-24947311	-	NA	NA	0.275865226149057	0.271422080872331	NA
L54	L53_L54	P	beat-IV	I	CG31050	5097377	1	145407	3R	23553737	23560598	3R	14342461	14346706	3R:23359147-23585306	3R:14322655-14529834	-	Dvir_L46	2	0.0452755024394611	0.0451080620572146	155716	3R	28650937	28656813	3R	10998106	11004259	3R:28628364-28667814	3R:10971917-11015749	+	Dvir_L46	1	0.127286882055274	0.12788423934298	Dvir_L46
L55	L55_L56_L57_L58_L59_L60	I	AstA-R2	I	CG45546	609037	1	155755	3R	28733992	28737545	3R	13012856	13016263	3R:28683615-28754890	3R:12950698-13045540	+	Dvir_L39	2	0.497666369500236	0.493052278328352	156979	3R	29342571	29347161	3R	2484368	2490433	3R:29245104-29448851	3R:2356465-2636926	+	Dvir_L39	1	0.043671089810079	0.0321543408360129	Dvir_L39
L55	L55_L56_L57_L58_L59_L60	I	AstA-R2	I	CG45546	609037	1	155755	3R	28733992	28737545	3R	13012856	13016263	3R:28683615-28754890	3R:12950698-13045540	+	Dvir_L39	2	0.497666369500236	0.493052278328352	156979	3R	29342571	29347161	3R	2484368	2490433	3R:29245104-29448851	3R:2356465-2636926	+	Dvir_L40	1	0.043671089810079	0.0321543408360129	NA
L55	L55_L56_L57_L58_L59_L60	I	AstA-R2	I	CG45546	609037	1	155755	3R	28733992	28737545	3R	13012856	13016263	3R:28683615-28754890	3R:12950698-13045540	+	Dvir_L39	2	0.497666369500236	0.493052278328352	156979	3R	29342571	29347161	3R	2484368	2490433	3R:29245104-29448851	3R:2356465-2636926	+	Dvir_L43	1	0.043671089810079	0.0321543408360129	NA
L55	L55_L56_L57_L58_L59_L60	I	AstA-R2	I	CG45546	609037	1	155755	3R	28733992	28737545	3R	13012856	13016263	3R:28683615-28754890	3R:12950698-13045540	+	Dvir_L41	2	0.497666369500236	0.493052278328352	156979	3R	29342571	29347161	3R	2484368	2490433	3R:29245104-29448851	3R:2356465-2636926	+	Dvir_L39	1	0.043671089810079	0.0321543408360129	NA
L55	L55_L56_L57_L58_L59_L60	I	AstA-R2	I	CG45546	609037	1	155755	3R	28733992	28737545	3R	13012856	13016263	3R:28683615-28754890	3R:12950698-13045540	+	Dvir_L41	2	0.497666369500236	0.493052278328352	156979	3R	29342571	29347161	3R	2484368	2490433	3R:29245104-29448851	3R:2356465-2636926	+	Dvir_L40	1	0.043671089810079	0.0321543408360129	NA
L55	L55_L56_L57_L58_L59_L60	I	AstA-R2	I	CG45546	609037	1	155755	3R	28733992	28737545	3R	13012856	13016263	3R:28683615-28754890	3R:12950698-13045540	+	Dvir_L41	2	0.497666369500236	0.493052278328352	156979	3R	29342571	29347161	3R	2484368	2490433	3R:29245104-29448851	3R:2356465-2636926	+	Dvir_L43	1	0.043671089810079	0.0321543408360129	NA
L56	L55_L56_L57_L58_L59_L60	I	AstA-R2	P	Ptp99A	641278	1	155755	3R	28733992	28737545	3R	13012856	13016263	3R:28683615-28754890	3R:12950698-13045540	+	Dvir_L39	2	0.497666369500236	0.493052278328352	156979	3R	29374909	29378677	3R	2544882	2551344	3R:29245104-29448851	3R:2356465-2636926	+	Dvir_L41	1	0.043671089810079	0.0321543408360129	NA
L56	L55_L56_L57_L58_L59_L60	I	AstA-R2	P	Ptp99A	641278	1	155755	3R	28733992	28737545	3R	13012856	13016263	3R:28683615-28754890	3R:12950698-13045540	+	Dvir_L39	2	0.497666369500236	0.493052278328352	156979	3R	29374909	29378677	3R	2544882	2551344	3R:29245104-29448851	3R:2356465-2636926	+	Dvir_L42	1	0.043671089810079	0.0321543408360129	NA
L56	L55_L56_L57_L58_L59_L60	I	AstA-R2	P	Ptp99A	641278	1	155755	3R	28733992	28737545	3R	13012856	13016263	3R:28683615-28754890	3R:12950698-13045540	+	Dvir_L39	2	0.497666369500236	0.493052278328352	156979	3R	29374909	29378677	3R	2544882	2551344	3R:29245104-29448851	3R:2356465-2636926	+	Dvir_L43	2	0.043671089810079	0.0321543408360129	NA
L56	L55_L56_L57_L58_L59_L60	I	AstA-R2	P	Ptp99A	641278	1	155755	3R	28733992	28737545	3R	13012856	13016263	3R:28683615-28754890	3R:12950698-13045540	+	Dvir_L41	2	0.497666369500236	0.493052278328352	156979	3R	29374909	29378677	3R	2544882	2551344	3R:29245104-29448851	3R:2356465-2636926	+	Dvir_L41	1	0.043671089810079	0.0321543408360129	Dvir_L41
L56	L55_L56_L57_L58_L59_L60	I	AstA-R2	P	Ptp99A	641278	1	155755	3R	28733992	28737545	3R	13012856	13016263	3R:28683615-28754890	3R:12950698-13045540	+	Dvir_L41	2	0.497666369500236	0.493052278328352	156979	3R	29374909	29378677	3R	2544882	2551344	3R:29245104-29448851	3R:2356465-2636926	+	Dvir_L42	1	0.043671089810079	0.0321543408360129	NA
L56	L55_L56_L57_L58_L59_L60	I	AstA-R2	P	Ptp99A	641278	1	155755	3R	28733992	28737545	3R	13012856	13016263	3R:28683615-28754890	3R:12950698-13045540	+	Dvir_L41	2	0.497666369500236	0.493052278328352	156979	3R	29374909	29378677	3R	2544882	2551344	3R:29245104-29448851	3R:2356465-2636926	+	Dvir_L43	2	0.043671089810079	0.0321543408360129	NA
L57	L55_L56_L57_L58_L59_L60	I	CheB98a	I	CG45546	542732	1	155951	3R	28800791	28803445	3R	13079052	13081979	3R:28772239-28843993	3R:13051299-13126149	+	Dvir_L40	2	0.161043634727845	0.131219105090839	156979	3R	29342571	29347161	3R	2484368	2490433	3R:29245104-29448851	3R:2356465-2636926	+	Dvir_L39	1	0.043671089810079	0.0321543408360129	NA
L57	L55_L56_L57_L58_L59_L60	I	CheB98a	I	CG45546	542732	1	155951	3R	28800791	28803445	3R	13079052	13081979	3R:28772239-28843993	3R:13051299-13126149	+	Dvir_L40	2	0.161043634727845	0.131219105090839	156979	3R	29342571	29347161	3R	2484368	2490433	3R:29245104-29448851	3R:2356465-2636926	+	Dvir_L40	1	0.043671089810079	0.0321543408360129	Dvir_L40
L57	L55_L56_L57_L58_L59_L60	I	CheB98a	I	CG45546	542732	1	155951	3R	28800791	28803445	3R	13079052	13081979	3R:28772239-28843993	3R:13051299-13126149	+	Dvir_L40	2	0.161043634727845	0.131219105090839	156979	3R	29342571	29347161	3R	2484368	2490433	3R:29245104-29448851	3R:2356465-2636926	+	Dvir_L43	1	0.043671089810079	0.0321543408360129	NA
L57	L55_L56_L57_L58_L59_L60	I	CheB98a	I	CG45546	542732	1	155951	3R	28800791	28803445	3R	13079052	13081979	3R:28772239-28843993	3R:13051299-13126149	+	Dvir_L42	2	0.161043634727845	0.131219105090839	156979	3R	29342571	29347161	3R	2484368	2490433	3R:29245104-29448851	3R:2356465-2636926	+	Dvir_L39	1	0.043671089810079	0.0321543408360129	NA
L57	L55_L56_L57_L58_L59_L60	I	CheB98a	I	CG45546	542732	1	155951	3R	28800791	28803445	3R	13079052	13081979	3R:28772239-28843993	3R:13051299-13126149	+	Dvir_L42	2	0.161043634727845	0.131219105090839	156979	3R	29342571	29347161	3R	2484368	2490433	3R:29245104-29448851	3R:2356465-2636926	+	Dvir_L40	1	0.043671089810079	0.0321543408360129	NA
L57	L55_L56_L57_L58_L59_L60	I	CheB98a	I	CG45546	542732	1	155951	3R	28800791	28803445	3R	13079052	13081979	3R:28772239-28843993	3R:13051299-13126149	+	Dvir_L42	2	0.161043634727845	0.131219105090839	156979	3R	29342571	29347161	3R	2484368	2490433	3R:29245104-29448851	3R:2356465-2636926	+	Dvir_L43	1	0.043671089810079	0.0321543408360129	NA
L58	L55_L56_L57_L58_L59_L60	I	CheB98a	P	Ptp99A	574973	1	155951	3R	28800791	28803445	3R	13079052	13081979	3R:28772239-28843993	3R:13051299-13126149	+	Dvir_L40	2	0.161043634727845	0.131219105090839	156979	3R	29374909	29378677	3R	2544882	2551344	3R:29245104-29448851	3R:2356465-2636926	+	Dvir_L41	1	0.043671089810079	0.0321543408360129	NA
L58	L55_L56_L57_L58_L59_L60	I	CheB98a	P	Ptp99A	574973	1	155951	3R	28800791	28803445	3R	13079052	13081979	3R:28772239-28843993	3R:13051299-13126149	+	Dvir_L40	2	0.161043634727845	0.131219105090839	156979	3R	29374909	29378677	3R	2544882	2551344	3R:29245104-29448851	3R:2356465-2636926	+	Dvir_L42	1	0.043671089810079	0.0321543408360129	NA
L58	L55_L56_L57_L58_L59_L60	I	CheB98a	P	Ptp99A	574973	1	155951	3R	28800791	28803445	3R	13079052	13081979	3R:28772239-28843993	3R:13051299-13126149	+	Dvir_L40	2	0.161043634727845	0.131219105090839	156979	3R	29374909	29378677	3R	2544882	2551344	3R:29245104-29448851	3R:2356465-2636926	+	Dvir_L43	2	0.043671089810079	0.0321543408360129	NA
L58	L55_L56_L57_L58_L59_L60	I	CheB98a	P	Ptp99A	574973	1	155951	3R	28800791	28803445	3R	13079052	13081979	3R:28772239-28843993	3R:13051299-13126149	+	Dvir_L42	2	0.161043634727845	0.131219105090839	156979	3R	29374909	29378677	3R	2544882	2551344	3R:29245104-29448851	3R:2356465-2636926	+	Dvir_L41	1	0.043671089810079	0.0321543408360129	NA
L58	L55_L56_L57_L58_L59_L60	I	CheB98a	P	Ptp99A	574973	1	155951	3R	28800791	28803445	3R	13079052	13081979	3R:28772239-28843993	3R:13051299-13126149	+	Dvir_L42	2	0.161043634727845	0.131219105090839	156979	3R	29374909	29378677	3R	2544882	2551344	3R:29245104-29448851	3R:2356465-2636926	+	Dvir_L42	1	0.043671089810079	0.0321543408360129	Dvir_L42
L58	L55_L56_L57_L58_L59_L60	I	CheB98a	P	Ptp99A	574973	1	155951	3R	28800791	28803445	3R	13079052	13081979	3R:28772239-28843993	3R:13051299-13126149	+	Dvir_L42	2	0.161043634727845	0.131219105090839	156979	3R	29374909	29378677	3R	2544882	2551344	3R:29245104-29448851	3R:2356465-2636926	+	Dvir_L43	2	0.043671089810079	0.0321543408360129	NA
L59	L55_L56_L57_L58_L59_L60	I	AstA-R2	I	CheB98a	66305	1	155755	3R	28733992	28737545	3R	13012856	13016263	3R:28683615-28754890	3R:12950698-13045540	+	Dvir_L39	2	0.497666369500236	0.493052278328352	155951	3R	28800791	28803445	3R	13079052	13081979	3R:28772239-28843993	3R:13051299-13126149	+	Dvir_L40	2	0.161043634727845	0.131219105090839	NA
L59	L55_L56_L57_L58_L59_L60	I	AstA-R2	I	CheB98a	66305	1	155755	3R	28733992	28737545	3R	13012856	13016263	3R:28683615-28754890	3R:12950698-13045540	+	Dvir_L39	2	0.497666369500236	0.493052278328352	155951	3R	28800791	28803445	3R	13079052	13081979	3R:28772239-28843993	3R:13051299-13126149	+	Dvir_L42	2	0.161043634727845	0.131219105090839	NA
L59	L55_L56_L57_L58_L59_L60	I	AstA-R2	I	CheB98a	66305	1	155755	3R	28733992	28737545	3R	13012856	13016263	3R:28683615-28754890	3R:12950698-13045540	+	Dvir_L41	2	0.497666369500236	0.493052278328352	155951	3R	28800791	28803445	3R	13079052	13081979	3R:28772239-28843993	3R:13051299-13126149	+	Dvir_L40	2	0.161043634727845	0.131219105090839	NA
L59	L55_L56_L57_L58_L59_L60	I	AstA-R2	I	CheB98a	66305	1	155755	3R	28733992	28737545	3R	13012856	13016263	3R:28683615-28754890	3R:12950698-13045540	+	Dvir_L41	2	0.497666369500236	0.493052278328352	155951	3R	28800791	28803445	3R	13079052	13081979	3R:28772239-28843993	3R:13051299-13126149	+	Dvir_L42	2	0.161043634727845	0.131219105090839	NA
L60	L55_L56_L57_L58_L59_L60	I	CG45546	P	Ptp99A	32241	1	156979	3R	29342571	29347161	3R	2484368	2490433	3R:29245104-29448851	3R:2356465-2636926	+	Dvir_L39	1	0.043671089810079	0.0321543408360129	156979	3R	29374909	29378677	3R	2544882	2551344	3R:29245104-29448851	3R:2356465-2636926	+	Dvir_L41	1	0.043671089810079	0.0321543408360129	NA
L60	L55_L56_L57_L58_L59_L60	I	CG45546	P	Ptp99A	32241	1	156979	3R	29342571	29347161	3R	2484368	2490433	3R:29245104-29448851	3R:2356465-2636926	+	Dvir_L39	1	0.043671089810079	0.0321543408360129	156979	3R	29374909	29378677	3R	2544882	2551344	3R:29245104-29448851	3R:2356465-2636926	+	Dvir_L42	1	0.043671089810079	0.0321543408360129	NA
L60	L55_L56_L57_L58_L59_L60	I	CG45546	P	Ptp99A	32241	1	156979	3R	29342571	29347161	3R	2484368	2490433	3R:29245104-29448851	3R:2356465-2636926	+	Dvir_L39	1	0.043671089810079	0.0321543408360129	156979	3R	29374909	29378677	3R	2544882	2551344	3R:29245104-29448851	3R:2356465-2636926	+	Dvir_L43	2	0.043671089810079	0.0321543408360129	NA
L60	L55_L56_L57_L58_L59_L60	I	CG45546	P	Ptp99A	32241	1	156979	3R	29342571	29347161	3R	2484368	2490433	3R:29245104-29448851	3R:2356465-2636926	+	Dvir_L40	1	0.043671089810079	0.0321543408360129	156979	3R	29374909	29378677	3R	2544882	2551344	3R:29245104-29448851	3R:2356465-2636926	+	Dvir_L41	1	0.043671089810079	0.0321543408360129	NA
L60	L55_L56_L57_L58_L59_L60	I	CG45546	P	Ptp99A	32241	1	156979	3R	29342571	29347161	3R	2484368	2490433	3R:29245104-29448851	3R:2356465-2636926	+	Dvir_L40	1	0.043671089810079	0.0321543408360129	156979	3R	29374909	29378677	3R	2544882	2551344	3R:29245104-29448851	3R:2356465-2636926	+	Dvir_L42	1	0.043671089810079	0.0321543408360129	NA
L60	L55_L56_L57_L58_L59_L60	I	CG45546	P	Ptp99A	32241	1	156979	3R	29342571	29347161	3R	2484368	2490433	3R:29245104-29448851	3R:2356465-2636926	+	Dvir_L40	1	0.043671089810079	0.0321543408360129	156979	3R	29374909	29378677	3R	2544882	2551344	3R:29245104-29448851	3R:2356465-2636926	+	Dvir_L43	2	0.043671089810079	0.0321543408360129	NA
L60	L55_L56_L57_L58_L59_L60	I	CG45546	P	Ptp99A	32241	1	156979	3R	29342571	29347161	3R	2484368	2490433	3R:29245104-29448851	3R:2356465-2636926	+	Dvir_L43	1	0.043671089810079	0.0321543408360129	156979	3R	29374909	29378677	3R	2544882	2551344	3R:29245104-29448851	3R:2356465-2636926	+	Dvir_L41	1	0.043671089810079	0.0321543408360129	NA
L60	L55_L56_L57_L58_L59_L60	I	CG45546	P	Ptp99A	32241	1	156979	3R	29342571	29347161	3R	2484368	2490433	3R:29245104-29448851	3R:2356465-2636926	+	Dvir_L43	1	0.043671089810079	0.0321543408360129	156979	3R	29374909	29378677	3R	2544882	2551344	3R:29245104-29448851	3R:2356465-2636926	+	Dvir_L42	1	0.043671089810079	0.0321543408360129	NA
L60	L55_L56_L57_L58_L59_L60	I	CG45546	P	Ptp99A	32241	1	156979	3R	29342571	29347161	3R	2484368	2490433	3R:29245104-29448851	3R:2356465-2636926	+	Dvir_L43	1	0.043671089810079	0.0321543408360129	156979	3R	29374909	29378677	3R	2544882	2551344	3R:29245104-29448851	3R:2356465-2636926	+	Dvir_L43	2	0.043671089810079	0.0321543408360129	Dvir_L43
L61	L61_62_L63_L64_L65_L66	P	CG3703	P	dpr18, CG12395	15117441	2	163996	X	944712	947001	X	16263192	16267400	X:915126-1016613	X:16227575-16358930	+	Dvir_L57	2	0.202316602316602	0.178415952815616	181555	X	16062151	16062684	X	1227153	1227686	X:16062152-16062684	X:1227154-1227686	-	NA	NA	0	0	NA
L61	L61_62_L63_L64_L65_L66	P	CG3703	P	dpr18, CG12395	15117441	2	163996	X	944712	947001	X	16263192	16267400	X:915126-1016613	X:16227575-16358930	+	Dvir_L57	2	0.202316602316602	0.178415952815616	181559	X	16063714	16067728	X	18695977	18704151	X:16063715-16100999	X:18652402-18704151	-	Dvir_L59	2	0.202581032412965	0.211985688729875	NA
L61	L61_62_L63_L64_L65_L66	P	CG3703	P	dpr18, CG12395	15117441	2	163996	X	944712	947001	X	16263192	16267400	X:915126-1016613	X:16227575-16358930	+	Dvir_L57	2	0.202316602316602	0.178415952815616	181559	X	16063714	16067728	X	18695977	18704151	X:16063715-16100999	X:18652402-18704151	-	Dvir_L60	2	0.202581032412965	0.211985688729875	NA
L61	L61_62_L63_L64_L65_L66	P	CG3703	P	dpr18, CG12395	15117441	2	163996	X	944712	947001	X	16263192	16267400	X:915126-1016613	X:16227575-16358930	+	Dvir_L57	2	0.202316602316602	0.178415952815616	181559	X	16063714	16067728	X	18695977	18704151	X:16063715-16100999	X:18652402-18704151	-	Dvir_L61	2	0.202581032412965	0.211985688729875	NA
L61	L61_62_L63_L64_L65_L66	P	CG3703	P	dpr18, CG12395	15117441	2	163996	X	944712	947001	X	16263192	16267400	X:915126-1016613	X:16227575-16358930	+	Dvir_L59	1	0.202316602316602	0.178415952815616	181555	X	16062151	16062684	X	1227153	1227686	X:16062152-16062684	X:1227154-1227686	-	NA	NA	0	0	NA
L61	L61_62_L63_L64_L65_L66	P	CG3703	P	dpr18, CG12395	15117441	2	163996	X	944712	947001	X	16263192	16267400	X:915126-1016613	X:16227575-16358930	+	Dvir_L59	1	0.202316602316602	0.178415952815616	181559	X	16063714	16067728	X	18695977	18704151	X:16063715-16100999	X:18652402-18704151	-	Dvir_L59	2	0.202581032412965	0.211985688729875	Dvir_L59
L61	L61_62_L63_L64_L65_L66	P	CG3703	P	dpr18, CG12395	15117441	2	163996	X	944712	947001	X	16263192	16267400	X:915126-1016613	X:16227575-16358930	+	Dvir_L59	1	0.202316602316602	0.178415952815616	181559	X	16063714	16067728	X	18695977	18704151	X:16063715-16100999	X:18652402-18704151	-	Dvir_L60	2	0.202581032412965	0.211985688729875	NA
L61	L61_62_L63_L64_L65_L66	P	CG3703	P	dpr18, CG12395	15117441	2	163996	X	944712	947001	X	16263192	16267400	X:915126-1016613	X:16227575-16358930	+	Dvir_L59	1	0.202316602316602	0.178415952815616	181559	X	16063714	16067728	X	18695977	18704151	X:16063715-16100999	X:18652402-18704151	-	Dvir_L61	2	0.202581032412965	0.211985688729875	NA
L61	L61_62_L63_L64_L65_L66	P	CG3703	P	dpr18, CG12395	15117441	2	163996	X	944712	947001	X	16263192	16267400	X:915126-1016613	X:16227575-16358930	+	Dvir_L62	1	0.202316602316602	0.178415952815616	181555	X	16062151	16062684	X	1227153	1227686	X:16062152-16062684	X:1227154-1227686	-	NA	NA	0	0	NA
L61	L61_62_L63_L64_L65_L66	P	CG3703	P	dpr18, CG12395	15117441	2	163996	X	944712	947001	X	16263192	16267400	X:915126-1016613	X:16227575-16358930	+	Dvir_L62	1	0.202316602316602	0.178415952815616	181559	X	16063714	16067728	X	18695977	18704151	X:16063715-16100999	X:18652402-18704151	-	Dvir_L59	2	0.202581032412965	0.211985688729875	NA
L61	L61_62_L63_L64_L65_L66	P	CG3703	P	dpr18, CG12395	15117441	2	163996	X	944712	947001	X	16263192	16267400	X:915126-1016613	X:16227575-16358930	+	Dvir_L62	1	0.202316602316602	0.178415952815616	181559	X	16063714	16067728	X	18695977	18704151	X:16063715-16100999	X:18652402-18704151	-	Dvir_L60	2	0.202581032412965	0.211985688729875	NA
L61	L61_62_L63_L64_L65_L66	P	CG3703	P	dpr18, CG12395	15117441	2	163996	X	944712	947001	X	16263192	16267400	X:915126-1016613	X:16227575-16358930	+	Dvir_L62	1	0.202316602316602	0.178415952815616	181559	X	16063714	16067728	X	18695977	18704151	X:16063715-16100999	X:18652402-18704151	-	Dvir_L61	2	0.202581032412965	0.211985688729875	NA
L62	L61_62_L63_L64_L65_L66	I	CG18823	P	dpr18, CG12395	15077009	2	163996	X	984785	987704	X	16316179	16318653	X:915126-1016613	X:16227575-16358930	+	Dvir_L60	1	0.202316602316602	0.178415952815616	181555	X	16062151	16062684	X	1227153	1227686	X:16062152-16062684	X:1227154-1227686	-	NA	NA	0	0	NA
L62	L61_62_L63_L64_L65_L66	I	CG18823	P	dpr18, CG12395	15077009	2	163996	X	984785	987704	X	16316179	16318653	X:915126-1016613	X:16227575-16358930	+	Dvir_L60	1	0.202316602316602	0.178415952815616	181559	X	16063714	16067728	X	18695977	18704151	X:16063715-16100999	X:18652402-18704151	-	Dvir_L59	2	0.202581032412965	0.211985688729875	NA
L62	L61_62_L63_L64_L65_L66	I	CG18823	P	dpr18, CG12395	15077009	2	163996	X	984785	987704	X	16316179	16318653	X:915126-1016613	X:16227575-16358930	+	Dvir_L60	1	0.202316602316602	0.178415952815616	181559	X	16063714	16067728	X	18695977	18704151	X:16063715-16100999	X:18652402-18704151	-	Dvir_L60	2	0.202581032412965	0.211985688729875	Dvir_L60
L62	L61_62_L63_L64_L65_L66	I	CG18823	P	dpr18, CG12395	15077009	2	163996	X	984785	987704	X	16316179	16318653	X:915126-1016613	X:16227575-16358930	+	Dvir_L60	1	0.202316602316602	0.178415952815616	181559	X	16063714	16067728	X	18695977	18704151	X:16063715-16100999	X:18652402-18704151	-	Dvir_L61	2	0.202581032412965	0.211985688729875	NA
L63	L61_62_L63_L64_L65_L66	I	TfIIA-S-2	P	dpr18, CG12395	15053407	2	163996	X	1007869	1012167	X	16342283	16351540	X:915126-1016613	X:16227575-16358930	+	Dvir_L61	1	0.202316602316602	0.178415952815616	181555	X	16062151	16062684	X	1227153	1227686	X:16062152-16062684	X:1227154-1227686	-	NA	NA	0	0	NA
L63	L61_62_L63_L64_L65_L66	I	TfIIA-S-2	P	dpr18, CG12395	15053407	2	163996	X	1007869	1012167	X	16342283	16351540	X:915126-1016613	X:16227575-16358930	+	Dvir_L61	1	0.202316602316602	0.178415952815616	181559	X	16063714	16067728	X	18695977	18704151	X:16063715-16100999	X:18652402-18704151	-	Dvir_L59	2	0.202581032412965	0.211985688729875	NA
L63	L61_62_L63_L64_L65_L66	I	TfIIA-S-2	P	dpr18, CG12395	15053407	2	163996	X	1007869	1012167	X	16342283	16351540	X:915126-1016613	X:16227575-16358930	+	Dvir_L61	1	0.202316602316602	0.178415952815616	181559	X	16063714	16067728	X	18695977	18704151	X:16063715-16100999	X:18652402-18704151	-	Dvir_L60	2	0.202581032412965	0.211985688729875	NA
L63	L61_62_L63_L64_L65_L66	I	TfIIA-S-2	P	dpr18, CG12395	15053407	2	163996	X	1007869	1012167	X	16342283	16351540	X:915126-1016613	X:16227575-16358930	+	Dvir_L61	1	0.202316602316602	0.178415952815616	181559	X	16063714	16067728	X	18695977	18704151	X:16063715-16100999	X:18652402-18704151	-	Dvir_L61	2	0.202581032412965	0.211985688729875	Dvir_L61
L63	L61_62_L63_L64_L65_L66	I	TfIIA-S-2	P	dpr18, CG12395	15053407	2	163996	X	1007869	1012167	X	16342283	16351540	X:915126-1016613	X:16227575-16358930	+	Dvir_L62	2	0.202316602316602	0.178415952815616	181555	X	16062151	16062684	X	1227153	1227686	X:16062152-16062684	X:1227154-1227686	-	NA	NA	0	0	NA
L63	L61_62_L63_L64_L65_L66	I	TfIIA-S-2	P	dpr18, CG12395	15053407	2	163996	X	1007869	1012167	X	16342283	16351540	X:915126-1016613	X:16227575-16358930	+	Dvir_L62	2	0.202316602316602	0.178415952815616	181559	X	16063714	16067728	X	18695977	18704151	X:16063715-16100999	X:18652402-18704151	-	Dvir_L59	2	0.202581032412965	0.211985688729875	NA
L63	L61_62_L63_L64_L65_L66	I	TfIIA-S-2	P	dpr18, CG12395	15053407	2	163996	X	1007869	1012167	X	16342283	16351540	X:915126-1016613	X:16227575-16358930	+	Dvir_L62	2	0.202316602316602	0.178415952815616	181559	X	16063714	16067728	X	18695977	18704151	X:16063715-16100999	X:18652402-18704151	-	Dvir_L60	2	0.202581032412965	0.211985688729875	NA
L63	L61_62_L63_L64_L65_L66	I	TfIIA-S-2	P	dpr18, CG12395	15053407	2	163996	X	1007869	1012167	X	16342283	16351540	X:915126-1016613	X:16227575-16358930	+	Dvir_L62	2	0.202316602316602	0.178415952815616	181559	X	16063714	16067728	X	18695977	18704151	X:16063715-16100999	X:18652402-18704151	-	Dvir_L61	2	0.202581032412965	0.211985688729875	NA
L64	L61_62_L63_L64_L65_L66	P	CG3703	I	CG18823	40432	1	163996	X	944712	947001	X	16263192	16267400	X:915126-1016613	X:16227575-16358930	+	Dvir_L57	2	0.202316602316602	0.178415952815616	163996	X	984785	987704	X	16316179	16318653	X:915126-1016613	X:16227575-16358930	+	Dvir_L60	1	0.202316602316602	0.178415952815616	NA
L64	L61_62_L63_L64_L65_L66	P	CG3703	I	CG18823	40432	1	163996	X	944712	947001	X	16263192	16267400	X:915126-1016613	X:16227575-16358930	+	Dvir_L59	1	0.202316602316602	0.178415952815616	163996	X	984785	987704	X	16316179	16318653	X:915126-1016613	X:16227575-16358930	+	Dvir_L60	1	0.202316602316602	0.178415952815616	NA
L64	L61_62_L63_L64_L65_L66	P	CG3703	I	CG18823	40432	1	163996	X	944712	947001	X	16263192	16267400	X:915126-1016613	X:16227575-16358930	+	Dvir_L62	1	0.202316602316602	0.178415952815616	163996	X	984785	987704	X	16316179	16318653	X:915126-1016613	X:16227575-16358930	+	Dvir_L60	1	0.202316602316602	0.178415952815616	NA
L65	L61_62_L63_L64_L65_L66	P	CG3703	I	TfIIA-S-2	64034	1	163996	X	944712	947001	X	16263192	16267400	X:915126-1016613	X:16227575-16358930	+	Dvir_L57	2	0.202316602316602	0.178415952815616	163996	X	1007869	1012167	X	16342283	16351540	X:915126-1016613	X:16227575-16358930	+	Dvir_L61	1	0.202316602316602	0.178415952815616	NA
L65	L61_62_L63_L64_L65_L66	P	CG3703	I	TfIIA-S-2	64034	1	163996	X	944712	947001	X	16263192	16267400	X:915126-1016613	X:16227575-16358930	+	Dvir_L57	2	0.202316602316602	0.178415952815616	163996	X	1007869	1012167	X	16342283	16351540	X:915126-1016613	X:16227575-16358930	+	Dvir_L62	2	0.202316602316602	0.178415952815616	NA
L65	L61_62_L63_L64_L65_L66	P	CG3703	I	TfIIA-S-2	64034	1	163996	X	944712	947001	X	16263192	16267400	X:915126-1016613	X:16227575-16358930	+	Dvir_L59	1	0.202316602316602	0.178415952815616	163996	X	1007869	1012167	X	16342283	16351540	X:915126-1016613	X:16227575-16358930	+	Dvir_L61	1	0.202316602316602	0.178415952815616	NA
L65	L61_62_L63_L64_L65_L66	P	CG3703	I	TfIIA-S-2	64034	1	163996	X	944712	947001	X	16263192	16267400	X:915126-1016613	X:16227575-16358930	+	Dvir_L59	1	0.202316602316602	0.178415952815616	163996	X	1007869	1012167	X	16342283	16351540	X:915126-1016613	X:16227575-16358930	+	Dvir_L62	2	0.202316602316602	0.178415952815616	NA
L65	L61_62_L63_L64_L65_L66	P	CG3703	I	TfIIA-S-2	64034	1	163996	X	944712	947001	X	16263192	16267400	X:915126-1016613	X:16227575-16358930	+	Dvir_L62	1	0.202316602316602	0.178415952815616	163996	X	1007869	1012167	X	16342283	16351540	X:915126-1016613	X:16227575-16358930	+	Dvir_L61	1	0.202316602316602	0.178415952815616	NA
L65	L61_62_L63_L64_L65_L66	P	CG3703	I	TfIIA-S-2	64034	1	163996	X	944712	947001	X	16263192	16267400	X:915126-1016613	X:16227575-16358930	+	Dvir_L62	1	0.202316602316602	0.178415952815616	163996	X	1007869	1012167	X	16342283	16351540	X:915126-1016613	X:16227575-16358930	+	Dvir_L62	2	0.202316602316602	0.178415952815616	Dvir_L62
L66	L61_62_L63_L64_L65_L66	I	CG18823	I	TfIIA-S-2	23602	1	163996	X	984785	987704	X	16316179	16318653	X:915126-1016613	X:16227575-16358930	+	Dvir_L60	1	0.202316602316602	0.178415952815616	163996	X	1007869	1012167	X	16342283	16351540	X:915126-1016613	X:16227575-16358930	+	Dvir_L61	1	0.202316602316602	0.178415952815616	NA
L66	L61_62_L63_L64_L65_L66	I	CG18823	I	TfIIA-S-2	23602	1	163996	X	984785	987704	X	16316179	16318653	X:915126-1016613	X:16227575-16358930	+	Dvir_L60	1	0.202316602316602	0.178415952815616	163996	X	1007869	1012167	X	16342283	16351540	X:915126-1016613	X:16227575-16358930	+	Dvir_L62	2	0.202316602316602	0.178415952815616	NA
