loop_id	anchor	aggregated_id	anchor_id	anchor_chr	anchor_start	anchor_end	anchor_summit	anchor_DHS_count	loop_type	metadomain_id	anchor_TSS_proximal	anchor_type	anchor_distance_to_TSS	anchor_nearest_gene_id	anchor_nearest_gene_symbol	loop_anchor_distance	n_candidate
L1	1	L1_L2_L3	A1	2L	395670	395790	395730	1	M	MD(L1-L3)	0	I	6263	FBgn0031251	CG4213	16865113	1
L1	2	L1_L2_L3	A19	2L	17260794	17260893	17260843	1	M	MD(L1-L3)	1	P	60	FBgn0032629	beat-IIIc	16865113	1
L2	1	L1_L2_L3	A1	2L	395670	395790	395730	1	M	MD(L1-L3)	0	I	6263	FBgn0031251	CG4213	16932336	1
L2	2	L1_L2_L3	A20	2L	17328015	17328118	17328066	1	M	MD(L1-L3)	0	I	7303	FBgn0267255	CG45691	16932336	1
L3	1	L1_L2_L3	A19	2L	17260794	17260893	17260843	1	T	MD(L1-L3)	1	P	60	FBgn0032629	beat-IIIc	67223	1
L3	2	L1_L2_L3	A20	2L	17328015	17328118	17328066	1	T	MD(L1-L3)	0	I	7303	FBgn0267255	CG45691	67223	1
L4	1	L4_L5_L6_L7	A2	2L	918896	918995	918945	1	M	MD(L4-L7)	0	I	3797	FBgn0028481	CG4341	1676593	1
L4	2	L4_L5_L6_L7	A6	2L	2595491	2595585	2595538	1	M	MD(L4-L7)	0	I	3363	FBgn0250835	CG15394	1676593	1
L5	1	L4_L5_L6_L7	A3	2L	921771	922766	922259	4	M	MD(L4-L7)	1	P	26	FBgn0028481	CG4341	1689957	1
L5	2	L4_L5_L6_L7	A7	2L	2612166	2612266	2612216	1	M	MD(L4-L7)	0	I	2172	FBgn0031440	CG15395	1689957	1
L6	1	L4_L5_L6_L7	A3	2L	921771	922766	922259	4	M	MD(L4-L7)	1	P	26	FBgn0028481	CG4341	1755459	1
L6	2	L4_L5_L6_L7	A8	2L	2677575	2677786	2677718	1	M	MD(L4-L7)	1	P	0	FBgn0051690	CG31690	1755459	1
L7	1	L4_L5_L6_L7	A7	2L	2612166	2612266	2612216	1	T	MD(L4-L7)	0	I	2172	FBgn0031440	CG15395	65502	1
L7	2	L4_L5_L6_L7	A8	2L	2677575	2677786	2677718	1	T	MD(L4-L7)	1	P	0	FBgn0051690	CG31690	65502	1
L8	1	L8	A4	2L	2006512	2006610	2006561	1	M	MD(L8)	1	P	199	FBgn0053543	CG33543	2786967	1
L8	2	L8	A9	2L	4791907	4794506	4793528	3	M	MD(L8)	1	P	42, 0	FBgn0031628, FBgn0031627	CG3294, fipi	2786967	2
L9	1	L9	A5	2L	2109979	2110059	2110019	1	M	MD(L9)	1	P	101	FBgn0053516	dpr3	8854449	0
L9	2	L9	A15	2L	10964198	10964712	10964468	3	M	MD(L9)	1	P	45	FBgn0261871	dpr2	8854449	2
L10	1	L10_L12	A10	2L	6356962	6357076	6357019	1	M	MD(L10,L12)	0	I	1241	FBgn0031804	CG9500	3107701	1
L10	2	L10_L12	A13	2L	9464540	9464794	9464720	1	M	MD(L10,L12)	0	I	14710	FBgn0002973	numb	3107701	1
L11	1	L11	A11	2L	6411271	6411420	6411319	1	M	MD(L11)	1	P	0	FBgn0259714	DIP-epsilon	2671797	1
L11	2	L11	A12	2L	9083037	9083252	9083116	1	M	MD(L11)	0	I	854	FBgn0032095	Toll-4	2671797	1
L12	1	L10_L12	A11	2L	6411271	6411420	6411319	1	M	MD(L10,L12)	1	P	0	FBgn0259714	DIP-epsilon	3075082	1
L12	2	L10_L12	A14	2L	9486317	9486504	9486401	1	M	MD(L10,L12)	0	I	8291	FBgn0004868	Gdi	3075082	1
L13	1	L13	A12	2L	9083037	9083252	9083116	1	M	MD(L13)	0	I	854	FBgn0032095	Toll-4	403285	1
L13	2	L13	A14	2L	9486317	9486504	9486401	1	M	MD(L13)	0	I	8291	FBgn0004868	Gdi	403285	1
L14	1	L14_L16_L18	A16	2L	13341246	13341345	13341295	1	M	MD(L14,L16,L18)	0	I	6427	FBgn0032505	CG16826	6264813	1
L14	2	L14_L16_L18	A22	2L	19605730	19606453	19606108	3	M	MD(L14,L16,L18)	1	P	115	FBgn0000464, FBgn0267964	Lar, CG46244	6264813	1
L15	1	L15_L17_L19	A16	2L	13341246	13341345	13341295	1	M	MD(L15,L17,L19)	0	I	6427	FBgn0032505	CG16826	6901550	1
L15	2	L15_L17_L19	A25	2L	20242787	20242903	20242845	1	M	MD(L15,L17,L19)	0	I	14048	FBgn0259998	CG17571	6901550	1
L16	1	L14_L16_L18	A17	2L	13349488	13349601	13349544	1	M	MD(L14,L16,L18)	0	I	1715	FBgn0032505	CG16826	6241120	1
L16	2	L14_L16_L18	A21	2L	19590435	19590878	19590664	2	M	MD(L14,L16,L18)	0	I	3209	FBgn0000464	Lar	6241120	1
L17	1	L15_L17_L19	A17	2L	13349488	13349601	13349544	1	M	MD(L15,L17,L19)	0	I	1715	FBgn0032505	CG16826	6880496	1
L17	2	L15_L17_L19	A24	2L	20229934	20230109	20230040	1	M	MD(L15,L17,L19)	0	I	26842	FBgn0259998	CG17571	6880496	1
L18	1	L14_L16_L18	A18	2L	13363107	13363206	13363156	1	M	MD(L14,L16,L18)	0	I	1542	FBgn0032507	CG9377	6242952	1
L18	2	L14_L16_L18	A22	2L	19605730	19606453	19606108	3	M	MD(L14,L16,L18)	1	P	115	FBgn0000464, FBgn0267964	Lar, CG46244	6242952	1
L19	1	L15_L17_L19	A18	2L	13363107	13363206	13363156	1	M	MD(L15,L17,L19)	0	I	1542	FBgn0032507	CG9377	6879689	1
L19	2	L15_L17_L19	A25	2L	20242787	20242903	20242845	1	M	MD(L15,L17,L19)	0	I	14048	FBgn0259998	CG17571	6879689	1
L20	1	L20_L21	A21	2L	19590435	19590878	19590664	2	M	MD(L20-L21)	0	I	3209	FBgn0000464	Lar	639376	1
L20	2	L20_L21	A24	2L	20229934	20230109	20230040	1	M	MD(L20-L21)	0	I	26842	FBgn0259998	CG17571	639376	1
L21	1	L20_L21	A22	2L	19605730	19606453	19606108	3	M	MD(L20-L21)	1	P	115	FBgn0000464, FBgn0267964	Lar, CG46244	636737	1
L21	2	L20_L21	A25	2L	20242787	20242903	20242845	1	M	MD(L20-L21)	0	I	14048	FBgn0259998	CG17571	636737	1
L22	1	L22	A23	2L	20121011	20121291	20121154	2	M	MD(L22)	0	I	13631	FBgn0032853	CG10651	1562564	1
L22	2	L22	A26	2L	21683418	21684019	21683718	2	M	MD(L22)	1	P	86	FBgn0051619	nolo	1562564	1
L23	1	L23_L24	A27	2R	8686543	8686776	8686664	2	M	MD(L23-L24)	0	I	4671	FBgn0001285	Jon44E	13372397	1
L23	2	L23_L24	A33	2R	22059021	22059101	22059061	1	M	MD(L23-L24)	0	I	1340	FBgn0034683	CG13500	13372397	1
L24	1	L23_L24	A28	2R	8715833	8715925	8715879	1	M	MD(L23-L24)	0	I	1024	FBgn0043575	PGRP-SC2	13262243	1
L24	2	L23_L24	A32	2R	21977998	21978257	21978122	2	M	MD(L23-L24)	0	I	1336	FBgn0041237	Gr58c	13262243	0
L25	1	L25_L26_L27	A29	2R	8797637	8798296	8797965	3	M	MD(L25-27)	1	P	192	FBgn0024189	sns	6213119	1
L25	2	L25_L26_L27	A30	2R	15010785	15011360	15011084	3	M	MD(L25-27)	1	P	35	FBgn0029082	hbs	6213119	1
L26	1	L25_L26_L27	A29	2R	8797637	8798296	8797965	3	M	MD(L25-27)	1	P	192	FBgn0024189	sns	6311640	1
L26	2	L25_L26_L27	A31	2R	15109555	15109656	15109605	1	M	MD(L25-27)	0	I	5579	FBgn0015371	chn	6311640	1
L27	1	L25_L26_L27	A30	2R	15010785	15011360	15011084	3	T	MD(L25-27)	1	P	35	FBgn0029082	hbs	98521	1
L27	2	L25_L26_L27	A31	2R	15109555	15109656	15109605	1	T	MD(L25-27)	0	I	5579	FBgn0015371	chn	98521	1
L28	1	L28_L29_L30_L31_L32	A34	3L	857301	857896	857573	3	M	MD(L28-L32)	1	P	53	FBgn0035170	dpr20	1140391	0
L28	2	L28_L29_L30_L31_L32	A36	3L	1997924	1998004	1997964	1	M	MD(L28-L32)	0	I	7646	FBgn0262030	CG42841	1140391	1
L29	1	L28_L29_L30_L31_L32	A34	3L	857301	857896	857573	3	M	MD(L28-L32)	1	P	53	FBgn0035170	dpr20	1371463	0
L29	2	L28_L29_L30_L31_L32	A37	3L	2228637	2229443	2229036	4	M	MD(L28-L32)	0	I	202	FBgn0035317	Oseg2	1371463	1
L30	1	L28_L29_L30_L31_L32	A35	3L	866555	866635	866595	1	M	MD(L28-L32)	1	P	55	FBgn0035171	CG12502	1131369	0
L30	2	L28_L29_L30_L31_L32	A36	3L	1997924	1998004	1997964	1	M	MD(L28-L32)	0	I	7646	FBgn0262030	CG42841	1131369	1
L31	1	L28_L29_L30_L31_L32	A35	3L	866555	866635	866595	1	M	MD(L28-L32)	1	P	55	FBgn0035171	CG12502	1362441	0
L31	2	L28_L29_L30_L31_L32	A37	3L	2228637	2229443	2229036	4	M	MD(L28-L32)	0	I	202	FBgn0035317	Oseg2	1362441	1
L32	1	L28_L29_L30_L31_L32	A36	3L	1997924	1998004	1997964	1	T	MD(L28-L32)	0	I	7646	FBgn0262030	CG42841	231072	1
L32	2	L28_L29_L30_L31_L32	A37	3L	2228637	2229443	2229036	4	T	MD(L28-L32)	0	I	202	FBgn0035317	Oseg2	231072	1
L33	1	L33_L34	A38	3L	4800832	4800919	4800875	1	M	MD(L33-34)	0	I	4354	FBgn0035575	CG7509	2213076	1
L33	2	L33_L34	A43	3L	7013903	7013999	7013951	1	M	MD(L33-34)	1	P	100	FBgn0260660	Mp	2213076	1
L34	1	L33_L34	A39	3L	4805867	4806024	4805945	1	M	MD(L33-34)	0	I	593	FBgn0035575	CG7509	2189673	1
L34	2	L33_L34	A42	3L	6995566	6995671	6995618	1	M	MD(L33-34)	0	I	3171	FBgn0260660	Mp	2189673	0
L35	1	L35_L36	A40	3L	6623844	6623950	6623897	1	M	MD(L35-L36)	1	P	81	FBgn0004619	GluRIA	2627951	1
L35	2	L35_L36	A45	3L	9251803	9251894	9251848	1	M	MD(L35-L36)	1	P	83	FBgn0264000	GluRIB	2627951	1
L36	1	L35_L36	A41	3L	6652992	6653122	6653057	1	M	MD(L35-L36)	0	I	12518	FBgn0035709	eIF4E4	2677166	2
L36	2	L35_L36	A46	3L	9330170	9330277	9330223	1	M	MD(L35-L36)	0	I	4054	FBgn0035975	PGRP-LA	2677166	2
L37	1	L37_L38	A44	3L	7643683	7643786	7643734	1	M	MD(L37-L38)	0	I	2035	FBgn0035805	CG7506	9610622	1
L37	2	L37_L38	A50	3L	17254304	17254408	17254356	1	M	MD(L37-L38)	0	I	367	FBgn0036704	CG6497	9610622	1
L38	1	L37_L38	A44	3L	7643683	7643786	7643734	1	M	MD(L37-L38)	0	I	2035	FBgn0035805	CG7506	9625889	1
L38	2	L37_L38	A51	3L	17269577	17269669	17269623	1	M	MD(L37-L38)	0	I	5161	FBgn0036705	CG13723	9625889	1
L39	1	L39_L41_L43	A47	3L	12853587	12853792	12853690	2	M	MD(L39,L41,L43)	1	P	0	FBgn0036319	Ent3	5889598	1
L39	2	L39_L41_L43	A52	3L	18742660	18743975	18743288	3	M	MD(L39,L41,L43)	0	I	512	FBgn0036810	CG6885	5889598	1
L40	1	L40_L42_L44	A47	3L	12853587	12853792	12853690	2	M	MD(L40,L42,L44)	1	P	0	FBgn0036319	Ent3	7151188	1
L40	2	L40_L42_L44	A53	3L	20004565	20005220	20004878	4	M	MD(L40,L42,L44)	1	P	80	FBgn0261574	kug	7151188	0
L41	1	L39_L41_L43	A48	3L	12857668	12858024	12857842	2	M	MD(L39,L41,L43)	0	I	3280	FBgn0052107	CG32107	5885446	1
L41	2	L39_L41_L43	A52	3L	18742660	18743975	18743288	3	M	MD(L39,L41,L43)	0	I	512	FBgn0036810	CG6885	5885446	1
L42	1	L40_L42_L44	A48	3L	12857668	12858024	12857842	2	M	MD(L40,L42,L44)	0	I	3280	FBgn0052107	CG32107	7147036	1
L42	2	L40_L42_L44	A53	3L	20004565	20005220	20004878	4	M	MD(L40,L42,L44)	1	P	80	FBgn0261574	kug	7147036	0
L43	1	L39_L41_L43	A49	3L	12868113	12868302	12868180	1	M	MD(L39,L41,L43)	0	I	5193	FBgn0036320	CG10943	5875108	1
L43	2	L39_L41_L43	A52	3L	18742660	18743975	18743288	3	M	MD(L39,L41,L43)	0	I	512	FBgn0036810	CG6885	5875108	1
L44	1	L40_L42_L44	A49	3L	12868113	12868302	12868180	1	M	MD(L40,L42,L44)	0	I	5193	FBgn0036320	CG10943	7136698	1
L44	2	L40_L42_L44	A53	3L	20004565	20005220	20004878	4	M	MD(L40,L42,L44)	1	P	80	FBgn0261574	kug	7136698	0
L45	1	L45	A52	3L	18742660	18743975	18743288	3	M	MD(L45)	0	I	512	FBgn0036810	CG6885	1261590	1
L45	2	L45	A53	3L	20004565	20005220	20004878	4	M	MD(L45)	1	P	80	FBgn0261574	kug	1261590	0
L46	1	L46_L47_L48	A54	3R	4052924	4053038	4052981	1	M	MD(L46-L48)	0	I	24900	FBgn0259821	CG42402	3727298	0
L46	2	L46_L47_L48	A59	3R	7779850	7780702	7780279	3	M	MD(L46-L48)	0	I	2743	FBgn0042104	CG18747	3727298	1
L47	1	L46_L47_L48	A55	3R	4077772	4077871	4077821	1	M	MD(L46-L48)	1	P	67	FBgn0259821	CG42402	3675918	0
L47	2	L46_L47_L48	A58	3R	7753694	7753785	7753739	1	M	MD(L46-L48)	0	I	3615	FBgn0037513	pyd3	3675918	1
L48	1	L46_L47_L48	A56	3R	4081911	4082022	4081966	1	M	MD(L46-L48)	0	I	2013	FBgn0259821	CG42402	3698313	0
L48	2	L46_L47_L48	A59	3R	7779850	7780702	7780279	3	M	MD(L46-L48)	0	I	2743	FBgn0042104	CG18747	3698313	1
L49	1	L49_L50_L51	A57	3R	5150633	5150758	5150695	1	M	MD(L49-L51)	1	P	149	FBgn0037295	dpr16	6870498	1
L49	2	L49_L50_L51	A61	3R	12021090	12021281	12021193	1	M	MD(L49-L51)	0	I	3934	FBgn0037981	Spt3	6870498	1
L50	1	L49_L50_L51	A57	3R	5150633	5150758	5150695	1	M	MD(L49-L51)	1	P	149	FBgn0037295	dpr16	6944037	1
L50	2	L49_L50_L51	A62	3R	12094666	12094798	12094732	1	M	MD(L49-L51)	1	P	77	FBgn0051361	dpr17	6944037	1
L51	1	L49_L50_L51	A61	3R	12021090	12021281	12021193	1	T	MD(L49-L51)	0	I	3934	FBgn0037981	Spt3	73539	1
L51	2	L49_L50_L51	A62	3R	12094666	12094798	12094732	1	T	MD(L49-L51)	1	P	77	FBgn0051361	dpr17	73539	1
L52	1	L52	A60	3R	8306279	8306655	8306450	2	M	MD(L52)	0	I	1005	FBgn0265101	Sgt1	22710535	1
L52	2	L52	A71	3R	31016931	31017040	31016985	1	M	MD(L52)	1	P	56	FBgn0004573	5-HT7	22710535	1
L53	1	L53_L54	A63	3R	23539013	23539141	23539077	1	M	MD(L53-L54)	1	P	105	FBgn0039087	Ugt303B2	5133308	1
L53	2	L53_L54	A66	3R	28672340	28672430	28672385	1	M	MD(L53-L54)	0	I	1636	FBgn0039593	Sid	5133308	0
L54	1	L53_L54	A64	3R	23557344	23557443	23557393	1	M	MD(L53-L54)	1	P	0	FBgn0039089	beat-IV	5097377	1
L54	2	L53_L54	A65	3R	28654730	28654810	28654770	1	M	MD(L53-L54)	0	I	4250	FBgn0051050	CG31050	5097377	1
L55	1	L55_L56_L57_L58_L59_L60	A67	3R	28735645	28735738	28735691	1	M	MD(L55-L60)	0	I	9043	FBgn0039595	AstA-R2	609037	1
L55	2	L55_L56_L57_L58_L59_L60	A69	3R	29343984	29346065	29344728	5	M	MD(L55-L60)	0	I	23272	FBgn0267106	CG45546	609037	1
L56	1	L55_L56_L57_L58_L59_L60	A67	3R	28735645	28735738	28735691	1	M	MD(L55-L60)	0	I	9043	FBgn0039595	AstA-R2	641278	1
L56	2	L55_L56_L57_L58_L59_L60	A70	3R	29376598	29377448	29376969	3	M	MD(L55-L60)	1	P	197	FBgn0004369	Ptp99A	641278	1
L57	1	L55_L56_L57_L58_L59_L60	A68	3R	28801940	28802052	28801996	1	M	MD(L55-L60)	0	I	4649	FBgn0261289	CheB98a	542732	1
L57	2	L55_L56_L57_L58_L59_L60	A69	3R	29343984	29346065	29344728	5	M	MD(L55-L60)	0	I	23272	FBgn0267106	CG45546	542732	1
L58	1	L55_L56_L57_L58_L59_L60	A68	3R	28801940	28802052	28801996	1	M	MD(L55-L60)	0	I	4649	FBgn0261289	CheB98a	574973	1
L58	2	L55_L56_L57_L58_L59_L60	A70	3R	29376598	29377448	29376969	3	M	MD(L55-L60)	1	P	197	FBgn0004369	Ptp99A	574973	1
L59	1	L55_L56_L57_L58_L59_L60	A67	3R	28735645	28735738	28735691	1	T	MD(L55-L60)	0	I	9043	FBgn0039595	AstA-R2	66305	1
L59	2	L55_L56_L57_L58_L59_L60	A68	3R	28801940	28802052	28801996	1	T	MD(L55-L60)	0	I	4649	FBgn0261289	CheB98a	66305	1
L60	1	L55_L56_L57_L58_L59_L60	A69	3R	29343984	29346065	29344728	5	T	MD(L55-L60)	0	I	23272	FBgn0267106	CG45546	32241	1
L60	2	L55_L56_L57_L58_L59_L60	A70	3R	29376598	29377448	29376969	3	T	MD(L55-L60)	1	P	197	FBgn0004369	Ptp99A	32241	1
L61	1	L61_62_L63_L64_L65_L66	A72	X	945883	945994	945938	1	M	MD(L61-L66)	1	P	110	FBgn0040348	CG3703	15117441	1
L61	2	L61_62_L63_L64_L65_L66	A77	X	16063069	16063683	16063379	3	M	MD(L61-L66)	1	P	54, 171	FBgn0030723, FBgn0030722	dpr18, CG12395	15117441	2
L62	1	L61_62_L63_L64_L65_L66	A73	X	986055	986686	986370	2	M	MD(L61-L66)	0	I	3831	FBgn0042146	CG18823	15077009	1
L62	2	L61_62_L63_L64_L65_L66	A77	X	16063069	16063683	16063379	3	M	MD(L61-L66)	1	P	54, 171	FBgn0030723, FBgn0030722	dpr18, CG12395	15077009	2
L63	1	L61_62_L63_L64_L65_L66	A74	X	1009817	1010125	1009972	2	M	MD(L61-L66)	0	I	1517	FBgn0040338	TfIIA-S-2	15053407	1
L63	2	L61_62_L63_L64_L65_L66	A77	X	16063069	16063683	16063379	3	M	MD(L61-L66)	1	P	54, 171	FBgn0030723, FBgn0030722	dpr18, CG12395	15053407	2
L64	1	L61_62_L63_L64_L65_L66	A72	X	945883	945994	945938	1	T	MD(L61-L66)	1	P	110	FBgn0040348	CG3703	40432	1
L64	2	L61_62_L63_L64_L65_L66	A73	X	986055	986686	986370	2	T	MD(L61-L66)	0	I	3831	FBgn0042146	CG18823	40432	1
L65	1	L61_62_L63_L64_L65_L66	A72	X	945883	945994	945938	1	T	MD(L61-L66)	1	P	110	FBgn0040348	CG3703	64034	1
L65	2	L61_62_L63_L64_L65_L66	A74	X	1009817	1010125	1009972	2	T	MD(L61-L66)	0	I	1517	FBgn0040338	TfIIA-S-2	64034	1
L66	1	L61_62_L63_L64_L65_L66	A73	X	986055	986686	986370	2	T	MD(L61-L66)	0	I	3831	FBgn0042146	CG18823	23602	1
L66	2	L61_62_L63_L64_L65_L66	A74	X	1009817	1010125	1009972	2	T	MD(L61-L66)	0	I	1517	FBgn0040338	TfIIA-S-2	23602	1
L67	1	L67	A75	X	5433097	5433506	5433300	3	M	MD(L67)	0	I	2532	FBgn0029766	CG15784	12178356	1
L67	2	L67	A78	X	17611610	17611703	17611656	1	M	MD(L67)	0	I	11619	FBgn0026313	X11L	12178356	0
L68	1	L68	A76	X	13358367	13359302	13358960	4	M	MD(L68)	1	P	0	FBgn0261085	Syt12	5989897	0
L68	2	L68	A79	X	19348381	19349362	19348857	2	M	MD(L68)	1	P	0	FBgn0086778	nAChRalpha7	5989897	0
